<?xml version="1.0" encoding="UTF-8"?>
<mods xmlns:xlink="http://www.w3.org/1999/xlink"
      xmlns="http://www.loc.gov/mods/v3"
      xmlns:xsi="http://www.w3.org/2001/XMLSchema-instance"
      xmlns:xs="http://www.w3.org/2001/XMLSchema"
      xsi:schemaLocation="http://www.loc.gov/mods/v3 http://www.loc.gov/standards/mods/v3/mods-3-5.xsd"
      version="3.5">
   <identifier type="CLIO">CLIO_223013</identifier>
   <identifier type="local">averyephemera_sbd</identifier>
   <name>
      <namePart>Dunn &amp; Witt</namePart>
   </name>
   <titleInfo>
      <title>Specimen book of Dunn &amp; Witt : manufacturers of ornamental galvanized iron cornices, louvers, dormer-windows, finials, balustrading, window caps, vanes, etc., : also, tin, iron, and slate roofers</title>
   </titleInfo>
   <originInfo>
      <place>
         <placeTerm type="text" valueURI="http://id.loc.gov/authorities/names/n79053745">Cincinnati (Ohio)</placeTerm>
      </place>
      <place>
         <placeTerm type="text">Cincinnati, Ohio</placeTerm>
      </place>
      <publisher>Dunn &amp; Witt</publisher>
      <dateCreated>1870</dateCreated>
      <dateCreated encoding="w3cdtf" keyDate="yes">1870</dateCreated>
   </originInfo>
   <physicalDescription>
      <form authority="aat">books</form>
   </physicalDescription>
   <language>
      <languageTerm type="code" authority="iso639-2b">eng</languageTerm>
   </language>
   <location>
      <physicalLocation authority="marcorg">NNC-A</physicalLocation>
      <holdingSimple>
         <copyInformation>
            <subLocation>Avery Classics Collection</subLocation>
            <shelfLocator>AT4700 D92 1870</shelfLocator>
         </copyInformation>
      </holdingSimple>
   </location>
   <subject authority="lcsh"
            valueURI="http://id.loc.gov/authorities/subjects/sh2009115369">
      <topic>Architectural metal-work--Catalogs</topic>
   </subject>
   <subject authority="lcsh"
            valueURI="http://id.loc.gov/authorities/subjects/sh85036275">
      <topic>Decoration and ornament, Architectural</topic>
   </subject>
   <subject authority="lcsh"
            valueURI="http://id.loc.gov/authorities/subjects/sh85084093">
      <topic>Metal-work</topic>
   </subject>
   <relatedItem type="host" displayLabel="Project">
      <titleInfo>
         <title>Avery’s Architectural Ephemera Collections</title>
      </titleInfo>
      <location>
         <url>http://www.columbia.edu/cgi-bin/cul/resolve?clio10813843</url>
      </location>
   </relatedItem>
   <recordInfo>
      <recordIdentifier>sbd_descMetadata</recordIdentifier>
      <recordContentSource authority="marcorg">NNC</recordContentSource>
      <languageOfCataloging>
         <languageTerm type="code" authority="iso639-2b">eng</languageTerm>
      </languageOfCataloging>
      <recordOrigin>Created and edited in general conformance to MODS Guideline (Version 3).</recordOrigin>
   </recordInfo>
</mods>
