<?xml version="1.0" encoding="UTF-8"?>
<mods xmlns:xlink="http://www.w3.org/1999/xlink"
      xmlns="http://www.loc.gov/mods/v3"
      xmlns:xsi="http://www.w3.org/2001/XMLSchema-instance"
      xmlns:xs="http://www.w3.org/2001/XMLSchema"
      xsi:schemaLocation="http://www.loc.gov/mods/v3 http://www.loc.gov/standards/mods/v3/mods-3-5.xsd"
      version="3.5">
   <identifier type="omeka">omeka_007302</identifier>
   <identifier type="local">averyephemera_nsc_000</identifier>
   <name>
      <namePart>National State Capital Bank</namePart>
   </name>
   <titleInfo>
      <title>National State Capital Bank Check</title>
      <partName>Recto</partName>
   </titleInfo>
   <originInfo>
      <place>
         <placeTerm type="text">Concord, N.H.</placeTerm>
      </place>
      <place>
         <placeTerm type="text" valueURI="http://id.loc.gov/authorities/names/n79076708">Concord (N.H.)</placeTerm>
      </place>
      <dateCreated>1880-1889</dateCreated>
      <dateCreated encoding="w3cdtf"
                   keyDate="yes"
                   point="start"
                   qualifier="approximate">1880</dateCreated>
      <dateCreated encoding="w3cdtf" keyDate="yes" point="end">1889</dateCreated>
   </originInfo>
   <typeOfResource>still image</typeOfResource>
   <physicalDescription>
      <digitalOrigin>reformatted digital</digitalOrigin>
      <form authority="aat">printed ephemera</form>
   </physicalDescription>
   <language>
      <languageTerm type="code" authority="iso639-2b">eng</languageTerm>
   </language>
   <note type="ownership">Donated by Robert Biggert in honor of Lisa Ann Riveaux.</note>
   <note>original filename: ave_biggert_00770r.jpg</note>
   <location>
      <physicalLocation authority="marcorg">NNC-A</physicalLocation>
      <url access="object in context" usage="primary display">https://exhibitions.cul.columbia.edu/exhibits/show/ephemera/letterheads/letterhead</url>
      <holdingSimple>
         <copyInformation>
            <subLocation>Avery Classics Collection</subLocation>
         </copyInformation>
      </holdingSimple>
   </location>
   <subject authority="lcsh"
            valueURI="http://id.loc.gov/authorities/subjects/sh85006905">
      <topic>Architecture in art</topic>
   </subject>
   <relatedItem type="host" displayLabel="Project">
      <titleInfo>
         <title>Avery’s Architectural Ephemera Collections</title>
      </titleInfo>
      <location>
         <url>http://www.columbia.edu/cgi-bin/cul/resolve?clio10813843</url>
      </location>
   </relatedItem>
   <relatedItem type="host" displayLabel="Collection">
      <titleInfo>
         <title>Biggert collection of architectural vignettes on commercial stationery</title>
      </titleInfo>
   </relatedItem>
   <recordInfo>
      <recordIdentifier>007302_descMetadata</recordIdentifier>
      <recordContentSource authority="marcorg">NNC</recordContentSource>
      <languageOfCataloging>
         <languageTerm type="code" authority="iso639-2b">eng</languageTerm>
      </languageOfCataloging>
      <recordOrigin>Created and edited in general conformance to MODS Guideline (Version 3).</recordOrigin>
   </recordInfo>
</mods>
