<?xml version="1.0" encoding="UTF-8"?>
<mods xmlns:xlink="http://www.w3.org/1999/xlink"
      xmlns="http://www.loc.gov/mods/v3"
      xmlns:xsi="http://www.w3.org/2001/XMLSchema-instance"
      xmlns:xs="http://www.w3.org/2001/XMLSchema"
      xsi:schemaLocation="http://www.loc.gov/mods/v3 http://www.loc.gov/standards/mods/v3/mods-3-5.xsd"
      version="3.5">
   <identifier type="omeka">omeka_007290</identifier>
   <identifier type="local">averyephemera_jal_000</identifier>
   <name authority="naf"
         valueURI="http://id.loc.gov/authorities/names/no2011092523">
      <namePart>Dexter Press</namePart>
   </name>
   <titleInfo>
      <title>Jerome Arizona: largest ghost city in America</title>
      <partName>Recto of souvenir booklet cover</partName>
   </titleInfo>
   <originInfo>
      <place>
         <placeTerm type="text" valueURI="http://id.loc.gov/authorities/names/n82257184">West Nyack (N.Y.)</placeTerm>
      </place>
      <publisher>Dexter Press, Inc.</publisher>
      <dateCreated>between 1890-1950</dateCreated>
      <dateCreated encoding="w3cdtf"
                   keyDate="yes"
                   point="start"
                   qualifier="inferred">1890</dateCreated>
      <dateCreated encoding="w3cdtf" keyDate="yes" point="end">1950</dateCreated>
   </originInfo>
   <typeOfResource>still image</typeOfResource>
   <physicalDescription>
      <digitalOrigin>reformatted digital</digitalOrigin>
      <form authority="aat">postcards</form>
   </physicalDescription>
   <language>
      <languageTerm type="code" authority="iso639-2b">eng</languageTerm>
   </language>
   <note>original filename: 1202210017.jpg</note>
   <location>
      <physicalLocation authority="marcorg">NNC-A</physicalLocation>
      <url access="object in context" usage="primary display">https://exhibitions.cul.columbia.edu/exhibits/show/ephemera/souvenir/postcard</url>
      <holdingSimple>
         <copyInformation>
            <subLocation>Avery Classics Collection</subLocation>
         </copyInformation>
      </holdingSimple>
   </location>
   <subject authority="lcsh"
            valueURI="http://id.loc.gov/authorities/subjects/sh85140537">
      <topic>United States--Social life and customs--20th century</topic>
   </subject>
   <subject authority="lcsh"
            valueURI="http://id.loc.gov/authorities/subjects/sh85140534">
      <topic>United States--Social life and customs--19th century</topic>
   </subject>
   <subject authority="lcsh"
            valueURI="http://id.loc.gov/authorities/subjects/sh85026130">
      <topic>Cities and towns</topic>
   </subject>
   <subject>
      <geographic authority="naf"
                  valueURI="http://id.loc.gov/authorities/names/n84149366">Jerome (Ariz.)</geographic>
   </subject>
   <relatedItem type="host" displayLabel="Project">
      <titleInfo>
         <title>Avery’s Architectural Ephemera Collections</title>
      </titleInfo>
      <location>
         <url>http://www.columbia.edu/cgi-bin/cul/resolve?clio10813843</url>
      </location>
   </relatedItem>
   <recordInfo>
      <recordIdentifier>007290_descMetadata</recordIdentifier>
      <recordContentSource authority="marcorg">NNC</recordContentSource>
      <languageOfCataloging>
         <languageTerm type="code" authority="iso639-2b">eng</languageTerm>
      </languageOfCataloging>
      <recordOrigin>Created and edited in general conformance to MODS Guideline (Version 3).</recordOrigin>
   </recordInfo>
</mods>
