<?xml version="1.0" encoding="UTF-8"?>
<mods xmlns:xlink="http://www.w3.org/1999/xlink"
      xmlns="http://www.loc.gov/mods/v3"
      xmlns:xsi="http://www.w3.org/2001/XMLSchema-instance"
      xmlns:xs="http://www.w3.org/2001/XMLSchema"
      xsi:schemaLocation="http://www.loc.gov/mods/v3 http://www.loc.gov/standards/mods/v3/mods-3-5.xsd"
      version="3.5">
   <identifier type="local">averyephemera_jfs</identifier>
   <name authority="naf"
         valueURI="http://id.loc.gov/authorities/names/n78023423">
      <namePart>Stratton, John F.</namePart>
   </name>
   <titleInfo>
      <title>John F. Stratton, 49 Maiden Lane, New York Envelope</title>
   </titleInfo>
   <originInfo>
      <place>
         <placeTerm type="text" valueURI="http://id.loc.gov/authorities/names/n79007751">New York (N.Y.)</placeTerm>
      </place>
      <dateCreated>circa 1888</dateCreated>
      <dateCreated encoding="w3cdtf" keyDate="yes" qualifier="inferred">1888</dateCreated>
   </originInfo>
   <physicalDescription>
      <form authority="aat">printed ephemera</form>
   </physicalDescription>
   <language>
      <languageTerm type="code" authority="iso639-2b">eng</languageTerm>
   </language>
   <note type="ownership">Donated by Bernice Gordon in memory of Mr. John H. Yardley.</note>
   <location>
      <physicalLocation authority="marcorg">NNC-A</physicalLocation>
      <url access="object in context" usage="primary display">https://exhibitions.cul.columbia.edu/exhibits/show/ephemera/letterheads/letterhead</url>
      <holdingSimple>
         <copyInformation>
            <subLocation>Avery Classics Collection</subLocation>
            <shelfLocator>AA735 N4 J619</shelfLocator>
         </copyInformation>
      </holdingSimple>
   </location>
   <subject authority="lcsh"
            valueURI="http://id.loc.gov/authorities/subjects/sh85006905">
      <topic>Architecture in art</topic>
   </subject>
   <subject>
      <geographic authority="naf"
                  valueURI="http://id.loc.gov/authorities/names/n80118393">Manhattan (New York, N.Y.)</geographic>
   </subject>
   <subject>
      <hierarchicalGeographic>
         <country>United States</country>
         <state>New York</state>
         <city>New York</city>
         <citySection>Street: 49 Maiden Lane</citySection>
      </hierarchicalGeographic>
   </subject>
   <relatedItem type="host" displayLabel="Project">
      <titleInfo>
         <title>Avery’s Architectural Ephemera Collections</title>
      </titleInfo>
      <location>
         <url>http://www.columbia.edu/cgi-bin/cul/resolve?clio10813843</url>
      </location>
   </relatedItem>
   <relatedItem type="host" displayLabel="Collection">
      <titleInfo>
         <title>John H. Yardley Collection of Architectural Letterheads</title>
      </titleInfo>
   </relatedItem>
   <recordInfo>
      <recordIdentifier>jfs_descMetadata</recordIdentifier>
      <recordContentSource authority="marcorg">NNC</recordContentSource>
      <languageOfCataloging>
         <languageTerm type="code" authority="iso639-2b">eng</languageTerm>
      </languageOfCataloging>
      <recordOrigin>Created and edited in general conformance to MODS Guideline (Version 3).</recordOrigin>
   </recordInfo>
</mods>
