<?xml version="1.0" encoding="UTF-8"?>
<mods xmlns:xlink="http://www.w3.org/1999/xlink"
      xmlns="http://www.loc.gov/mods/v3"
      xmlns:xsi="http://www.w3.org/2001/XMLSchema-instance"
      xmlns:xs="http://www.w3.org/2001/XMLSchema"
      xsi:schemaLocation="http://www.loc.gov/mods/v3 http://www.loc.gov/standards/mods/v3/mods-3-5.xsd"
      version="3.5">
   <identifier type="omeka">omeka_002295</identifier>
   <identifier type="local">kie_000</identifier>
   <titleInfo>
      <title>Korean Independence Movement Envelope</title>
   </titleInfo>
   <originInfo>
      <dateCreated>1919?</dateCreated>
      <dateCreated encoding="w3cdtf" keyDate="yes" qualifier="questionable">1919</dateCreated>
   </originInfo>
   <typeOfResource>still image</typeOfResource>
   <physicalDescription>
      <digitalOrigin>reformatted digital</digitalOrigin>
      <form authority="aat">printed ephemera</form>
   </physicalDescription>
   <abstract>Addressee: Mr. C. H. Fahs, New York; sender: "Kopogo" c/o Mr. J. W. Crofoot, Shanghai.</abstract>
   <language>
      <languageTerm type="code" authority="iso639-2b">eng</languageTerm>
   </language>
   <note>original filename: mrl8kio_0101_16</note>
   <location>
      <physicalLocation authority="marcorg">NyNyCBL</physicalLocation>
      <holdingSimple>
         <copyInformation>
            <shelfLocator>Box 1. Folder 1</shelfLocator>
         </copyInformation>
      </holdingSimple>
      <holdingExternal>
         <url access="object in context" usage="primary display">http://exhibitions.cul.columbia.edu/exhibits/show/kio/pamphlet/envelope</url>
      </holdingExternal>
   </location>
   <relatedItem type="host" displayLabel="Project">
      <titleInfo>
         <title>Korean Independence Outbreak Movement</title>
      </titleInfo>
      <location>
         <url>http://www.columbia.edu/cgi-bin/cul/resolve?clio7688161</url>
      </location>
   </relatedItem>
   <relatedItem type="host" displayLabel="Collection">
      <titleInfo>
         <title>Korean independence outbreak collection</title>
      </titleInfo>
   </relatedItem>
   <recordInfo>
      <recordIdentifier>002295_descMetadata</recordIdentifier>
      <recordContentSource authority="marcorg">NNC</recordContentSource>
      <languageOfCataloging>
         <languageTerm type="code" authority="iso639-2b">eng</languageTerm>
      </languageOfCataloging>
      <recordOrigin>Created and edited in general conformance to MODS Guideline (Version 3).</recordOrigin>
   </recordInfo>
</mods>
