<?xml version="1.0" encoding="UTF-8"?>
<mods xmlns:xlink="http://www.w3.org/1999/xlink"
      xmlns="http://www.loc.gov/mods/v3"
      xmlns:xsi="http://www.w3.org/2001/XMLSchema-instance"
      xmlns:xs="http://www.w3.org/2001/XMLSchema"
      xsi:schemaLocation="http://www.loc.gov/mods/v3 http://www.loc.gov/standards/mods/v3/mods-3-5.xsd"
      version="3.5">
   <identifier type="omeka">omeka_002292</identifier>
   <identifier type="local">kim_012</identifier>
   <titleInfo>
      <title>Korean Independence Movement</title>
      <partName>Page 12</partName>
   </titleInfo>
   <originInfo>
      <dateCreated>1919?</dateCreated>
      <dateCreated encoding="w3cdtf" keyDate="yes" qualifier="questionable">1919</dateCreated>
   </originInfo>
   <typeOfResource>still image</typeOfResource>
   <physicalDescription>
      <digitalOrigin>reformatted digital</digitalOrigin>
      <form authority="aat">pamphlets</form>
   </physicalDescription>
   <abstract>This man is more fortunate.  He has a bayonet stab in his eye.  He was taken into one of the mission (Christian) hospitals, where he received treatment.  The picture was taken one week after the man received the wound.</abstract>
   <language>
      <languageTerm type="code" authority="iso639-2b">eng</languageTerm>
   </language>
   <note>original filename: mrl8kio_0101_13</note>
   <location>
      <physicalLocation authority="marcorg">NyNyCBL</physicalLocation>
      <holdingExternal>
         <url access="object in context" usage="primary display">http://exhibitions.cul.columbia.edu/exhibits/show/kio/pamphlet/page12</url>
      </holdingExternal>
   </location>
   <subject authority="lcsh">
      <topic>Korea--History--Independence movement, 1919--Sources</topic>
   </subject>
   <subject authority="lcsh">
      <topic>Korea--Politics and government--1910-1945--Sources</topic>
   </subject>
   <subject authority="fast" valueURI="http://id.worldcat.org/fast/1353264">
      <topic>Independence Movement (Korea : 1919)</topic>
   </subject>
   <subject>
      <geographic authority="naf"
                  valueURI="http://id.loc.gov/authorities/names/n79109033">Korea</geographic>
   </subject>
   <relatedItem type="host" displayLabel="Project">
      <titleInfo>
         <title>Korean Independence Outbreak Movement</title>
      </titleInfo>
      <location>
         <url>http://www.columbia.edu/cgi-bin/cul/resolve?clio7688161</url>
      </location>
   </relatedItem>
   <relatedItem type="host" displayLabel="Collection">
      <titleInfo>
         <title>Korean independence outbreak collection</title>
      </titleInfo>
   </relatedItem>
   <recordInfo>
      <recordIdentifier>002292_descMetadata</recordIdentifier>
      <recordContentSource authority="marcorg">NNC</recordContentSource>
      <languageOfCataloging>
         <languageTerm type="code" authority="iso639-2b">eng</languageTerm>
      </languageOfCataloging>
      <recordOrigin>Created and edited in general conformance to MODS Guideline (Version 3).</recordOrigin>
   </recordInfo>
</mods>
