<?xml version="1.0" encoding="UTF-8"?>
<mods xmlns:xlink="http://www.w3.org/1999/xlink"
      xmlns="http://www.loc.gov/mods/v3"
      xmlns:xsi="http://www.w3.org/2001/XMLSchema-instance"
      xmlns:xs="http://www.w3.org/2001/XMLSchema"
      xsi:schemaLocation="http://www.loc.gov/mods/v3 http://www.loc.gov/standards/mods/v3/mods-3-5.xsd"
      version="3.5">
   <identifier type="omeka">omeka_007140</identifier>
   <identifier type="CLIO">CLIO_8557317</identifier>
   <identifier type="local">kkh_000</identifier>
   <titleInfo>
      <title>Ḳameʻ: kolel hashbaʻot li-Yehudim, li-Yishmaʻelim ṿe-ʻarelim</title>
   </titleInfo>
   <titleInfo type="alternative">
      <title>קמע   כולל השבעות ליהודים, לישמעאלים וערלים</title>
   </titleInfo>
   <originInfo>
      <place>
         <placeTerm type="text">Greece?</placeTerm>
      </place>
      <place>
         <placeTerm type="text" valueURI="http://id.loc.gov/authorities/names/n80046090">Greece</placeTerm>
      </place>
      <dateCreated>18th century</dateCreated>
      <dateCreated encoding="w3cdtf"
                   keyDate="yes"
                   point="start"
                   qualifier="approximate">1700</dateCreated>
      <dateCreated encoding="w3cdtf" keyDate="yes" point="end">1799</dateCreated>
   </originInfo>
   <typeOfResource>still image</typeOfResource>
   <physicalDescription>
      <digitalOrigin>reformatted digital</digitalOrigin>
      <form authority="lcsh">manuscripts</form>
   </physicalDescription>
   <language>
      <languageTerm type="code" authority="iso639-2b">heb</languageTerm>
   </language>
   <note>original filename: 120017112.jpg</note>
   <location>
      <physicalLocation authority="marcorg">NNC-RB</physicalLocation>
      <holdingSimple>
         <copyInformation>
            <shelfLocator>X893 k314</shelfLocator>
         </copyInformation>
      </holdingSimple>
      <holdingExternal>
         <url access="object in context" usage="primary display">http://exhibitions.cul.columbia.edu/exhibits/show/hebrew_mss/communities/x893_k314</url>
      </holdingExternal>
   </location>
   <relatedItem type="host" displayLabel="Project">
      <titleInfo>
         <nonSort>The</nonSort>
         <title>People in the Books: Hebraica and Judaica Manuscripts from Columbia University Libraries</title>
      </titleInfo>
      <location>
         <url>http://www.columbia.edu/cgi-bin/cul/resolve?clio9680681</url>
      </location>
   </relatedItem>
   <relatedItem type="host" displayLabel="Collection">
      <titleInfo>
         <title>X Manuscripts</title>
      </titleInfo>
   </relatedItem>
   <relatedItem type="host" displayLabel="Collection">
      <titleInfo>
         <title>Hebrew Manuscripts</title>
      </titleInfo>
   </relatedItem>
   <recordInfo>
      <recordIdentifier>007140_descMetadata</recordIdentifier>
      <recordContentSource authority="marcorg">NNC</recordContentSource>
      <languageOfCataloging>
         <languageTerm type="code" authority="iso639-2b">eng</languageTerm>
      </languageOfCataloging>
      <recordOrigin>Created and edited in general conformance to MODS Guideline (Version 3).</recordOrigin>
   </recordInfo>
</mods>
