<?xml version="1.0" encoding="UTF-8"?>
<mods xmlns:xlink="http://www.w3.org/1999/xlink"
      xmlns="http://www.loc.gov/mods/v3"
      xmlns:xsi="http://www.w3.org/2001/XMLSchema-instance"
      xmlns:xs="http://www.w3.org/2001/XMLSchema"
      xsi:schemaLocation="http://www.loc.gov/mods/v3 http://www.loc.gov/standards/mods/v3/mods-3-5.xsd"
      version="3.5">
   <identifier type="CLIO">CLIO_3464252</identifier>
   <identifier type="local">tel</identifier>
   <titleInfo>
      <title>Temple Emanu-el, N.Y.C.: detail drawing of sanctuary in elevation</title>
   </titleInfo>
   <originInfo>
      <dateCreated>1928</dateCreated>
      <dateCreated encoding="w3cdtf" keyDate="yes">1928</dateCreated>
   </originInfo>
   <physicalDescription>
      <form authority="gmgpc">architectural drawings</form>
   </physicalDescription>
   <language>
      <languageTerm type="code" authority="iso639-2b">eng</languageTerm>
   </language>
   <location>
      <physicalLocation authority="marcorg">NNC-A</physicalLocation>
      <holdingSimple>
         <copyInformation>
            <subLocation>Avery Drawings &amp; Archives</subLocation>
            <shelfLocator>NYDA.1963.002.01873</shelfLocator>
         </copyInformation>
      </holdingSimple>
      <holdingExternal>
         <url access="object in context" usage="primary display">http://exhibitions.cul.columbia.edu/exhibits/show/hebrew_mss/scholars/nyda_1963_002_01873</url>
      </holdingExternal>
   </location>
   <relatedItem type="host" displayLabel="Project">
      <titleInfo>
         <nonSort>The</nonSort>
         <title>People in the Books: Hebraica and Judaica Manuscripts from Columbia University Libraries</title>
      </titleInfo>
      <location>
         <url>http://www.columbia.edu/cgi-bin/cul/resolve?clio9680681</url>
      </location>
   </relatedItem>
   <recordInfo>
      <recordIdentifier>tel_descMetadata</recordIdentifier>
      <recordContentSource authority="marcorg">NNC</recordContentSource>
      <languageOfCataloging>
         <languageTerm type="code" authority="iso639-2b">eng</languageTerm>
      </languageOfCataloging>
      <recordOrigin>Created and edited in general conformance to MODS Guideline (Version 3).</recordOrigin>
   </recordInfo>
</mods>
