<?xml version="1.0" encoding="UTF-8"?>
<mods xmlns:xlink="http://www.w3.org/1999/xlink"
      xmlns="http://www.loc.gov/mods/v3"
      xmlns:xsi="http://www.w3.org/2001/XMLSchema-instance"
      xmlns:xs="http://www.w3.org/2001/XMLSchema"
      xsi:schemaLocation="http://www.loc.gov/mods/v3 http://www.loc.gov/standards/mods/v3/mods-3-5.xsd"
      version="3.5">
   <identifier type="local">jewels_rhh</identifier>
   <name type="personal"
         authority="naf"
         valueURI="http://id.loc.gov/authorities/names/n88172361">
      <namePart>Dannay, Frederic, 1905-1982</namePart>
   </name>
   <name type="personal"
         authority="naf"
         valueURI="http://id.loc.gov/authorities/names/n88172362">
      <namePart>Lee, Manfred B. (Manfred Bennington), 1905-1971</namePart>
   </name>
   <titleInfo>
      <nonSort>The</nonSort>
      <title>Roman Hat Mystery: A Problem in Deduction</title>
   </titleInfo>
   <originInfo>
      <dateCreated/>
      <dateCreated encoding="w3cdtf" keyDate="yes">1929</dateCreated>
   </originInfo>
   <physicalDescription>
      <extent>292 pages</extent>
      <form authority="lcsh">manuscripts</form>
      <extent>Typescript, carbon</extent>
   </physicalDescription>
   <abstract>Typescript with notes in pencil by Frederic Dannay</abstract>
   <language>
      <languageTerm type="code" authority="iso639-2b">eng</languageTerm>
   </language>
   <location>
      <physicalLocation>NNC-RB</physicalLocation>
      <url access="object in context" usage="primary display">http://www.columbia.edu/cu/lweb/eresources/exhibitions/treasures/html/209.html</url>
   </location>
   <subject authority="lcsh"
            valueURI="http://id.loc.gov/authorities/subjects/sh85077507">
      <topic>Literature</topic>
   </subject>
   <relatedItem type="host" displayLabel="Project">
      <titleInfo>
         <title>Jewels in her crown: treasures of Columbia University Libraries special collections</title>
      </titleInfo>
      <location>
         <url>http://www.columbia.edu/cgi-bin/cul/resolve?clio4887511</url>
      </location>
   </relatedItem>
   <relatedItem type="host" displayLabel="Collection">
      <titleInfo>
         <title>Frederic Dannay papers</title>
      </titleInfo>
   </relatedItem>
   <accessCondition>No known restrictions.</accessCondition>
   <recordInfo>
      <recordIdentifier>ldpd_treasures_209_descMetadata</recordIdentifier>
      <recordContentSource authority="marcorg">NNC</recordContentSource>
      <languageOfCataloging>
         <languageTerm type="code" authority="iso639-2b">eng</languageTerm>
      </languageOfCataloging>
      <recordOrigin>Created and edited in general conformance to MODS Guideline (Version 3).</recordOrigin>
   </recordInfo>
</mods>
