<?xml version="1.0" encoding="UTF-8"?>
<mods xmlns:xlink="http://www.w3.org/1999/xlink"
      xmlns="http://www.loc.gov/mods/v3"
      xmlns:xsi="http://www.w3.org/2001/XMLSchema-instance"
      xmlns:xs="http://www.w3.org/2001/XMLSchema"
      xsi:schemaLocation="http://www.loc.gov/mods/v3 http://www.loc.gov/standards/mods/v3/mods-3-5.xsd"
      version="3.5">
   <identifier type="local">jewels_ddl</identifier>
   <name type="personal"
         authority="naf"
         valueURI="http://id.loc.gov/authorities/names/no92001660">
      <namePart>Hernández Palacios, Antonio</namePart>
   </name>
   <name type="personal"
         authority="naf"
         valueURI="http://id.loc.gov/authorities/names/n82130513">
      <namePart>Eisner, Will</namePart>
   </name>
   <titleInfo>
      <nonSort>Les</nonSort>
      <title>Droits de l'homme</title>
   </titleInfo>
   <originInfo>
      <place>
         <placeTerm type="text" valueURI="http://id.loc.gov/authorities/names/n79013830">Brussels (Belgium)</placeTerm>
      </place>
      <publisher>Magic Strip</publisher>
      <dateCreated/>
      <dateCreated encoding="w3cdtf" keyDate="yes">1989</dateCreated>
   </originInfo>
   <physicalDescription>
      <form authority="lcsh">caricatures and cartoons</form>
   </physicalDescription>
   <language>
      <languageTerm type="code" authority="iso639-2b">fre</languageTerm>
   </language>
   <location>
      <physicalLocation>NNC-L</physicalLocation>
      <url access="object in context" usage="primary display">http://www.columbia.edu/cu/lweb/eresources/exhibitions/treasures/html/89.html</url>
   </location>
   <subject authority="lcsh"
            valueURI="http://id.loc.gov/authorities/subjects/sh85124049">
      <topic>Social service</topic>
   </subject>
   <relatedItem type="host" displayLabel="Project">
      <titleInfo>
         <title>Jewels in her crown: treasures of Columbia University Libraries special collections</title>
      </titleInfo>
      <location>
         <url>http://www.columbia.edu/cgi-bin/cul/resolve?clio4887511</url>
      </location>
   </relatedItem>
   <accessCondition>No known restrictions.</accessCondition>
   <recordInfo>
      <recordIdentifier>ldpd_treasures_089_descMetadata</recordIdentifier>
      <recordContentSource authority="marcorg">NNC</recordContentSource>
      <languageOfCataloging>
         <languageTerm type="code" authority="iso639-2b">eng</languageTerm>
      </languageOfCataloging>
      <recordOrigin>Created and edited in general conformance to MODS Guideline (Version 3).</recordOrigin>
   </recordInfo>
</mods>
