<?xml version="1.0" encoding="UTF-8"?>
<mods xmlns:xlink="http://www.w3.org/1999/xlink"
      xmlns="http://www.loc.gov/mods/v3"
      xmlns:xsi="http://www.w3.org/2001/XMLSchema-instance"
      xmlns:xs="http://www.w3.org/2001/XMLSchema"
      xsi:schemaLocation="http://www.loc.gov/mods/v3 http://www.loc.gov/standards/mods/v3/mods-3-5.xsd"
      version="3.5">
   <identifier type="local">jewels_ctb_000</identifier>
   <titleInfo>
      <title>Cuneiform Tablet</title>
   </titleInfo>
   <originInfo>
      <place>
         <placeTerm type="text">Ur, Southern Babylonia</placeTerm>
      </place>
      <dateCreated/>
      <dateCreated encoding="w3cdtf" keyDate="yes">2060</dateCreated>
   </originInfo>
   <typeOfResource>still image</typeOfResource>
   <physicalDescription>
      <extent>Cone, 11.5 cm. high, 3.8 cm. diameter</extent>
      <form authority="aat">objects</form>
   </physicalDescription>
   <language>
      <languageTerm type="code" authority="iso639-2b">akk</languageTerm>
   </language>
   <location>
      <physicalLocation>NNC-RB</physicalLocation>
      <url access="object in context" usage="primary display">http://www.columbia.edu/cu/lweb/eresources/exhibitions/treasures/html/90.html</url>
   </location>
   <subject authority="lcsh"
            valueURI="http://id.loc.gov/authorities/subjects/sh85061212">
      <topic>History</topic>
   </subject>
   <relatedItem type="host" displayLabel="Project">
      <titleInfo>
         <title>Jewels in her crown: treasures of Columbia University Libraries special collections</title>
      </titleInfo>
      <location>
         <url>http://www.columbia.edu/cgi-bin/cul/resolve?clio4887511</url>
      </location>
   </relatedItem>
   <relatedItem type="host" displayLabel="Collection">
      <titleInfo>
         <title>Cuneiform Collection</title>
      </titleInfo>
   </relatedItem>
   <accessCondition>No known restrictions.</accessCondition>
   <recordInfo>
      <recordIdentifier>ldpd_treasures_090_000_descMetadata</recordIdentifier>
      <recordContentSource authority="marcorg">NNC</recordContentSource>
      <languageOfCataloging>
         <languageTerm type="code" authority="iso639-2b">eng</languageTerm>
      </languageOfCataloging>
      <recordOrigin>Created and edited in general conformance to MODS Guideline (Version 3).</recordOrigin>
   </recordInfo>
</mods>
