<?xml version="1.0" encoding="UTF-8"?>
<mods xmlns:xlink="http://www.w3.org/1999/xlink"
      xmlns="http://www.loc.gov/mods/v3"
      xmlns:xsi="http://www.w3.org/2001/XMLSchema-instance"
      xmlns:xs="http://www.w3.org/2001/XMLSchema"
      xsi:schemaLocation="http://www.loc.gov/mods/v3 http://www.loc.gov/standards/mods/v3/mods-3-5.xsd"
      version="3.5">
   <identifier type="local">jewels_ddd_000</identifier>
   <name type="corporate"
         authority="naf"
         valueURI="http://id.loc.gov/authorities/names/n50072409">
      <namePart>Greene &amp; Greene</namePart>
   </name>
   <titleInfo>
      <title>Detail drawing of decorative window, Earle C. Anthony House, Los Angeles</title>
      <partName>Recto</partName>
   </titleInfo>
   <originInfo>
      <dateCreated/>
      <dateCreated encoding="w3cdtf" keyDate="yes">1913</dateCreated>
   </originInfo>
   <typeOfResource>still image</typeOfResource>
   <physicalDescription>
      <form authority="gmgpc">drawings</form>
      <extent>Pencil on paper</extent>
   </physicalDescription>
   <location>
      <physicalLocation>NNC-A</physicalLocation>
      <url access="object in context" usage="primary display">http://www.columbia.edu/cu/lweb/eresources/exhibitions/treasures/html/70.html</url>
      <holdingSimple>
         <copyInformation>
            <subLocation>Avery Drawings &amp; Archives</subLocation>
         </copyInformation>
      </holdingSimple>
   </location>
   <subject authority="lcsh"
            valueURI="http://id.loc.gov/authorities/subjects/sh2005008402">
      <topic>Art and architecture</topic>
   </subject>
   <relatedItem type="host" displayLabel="Project">
      <titleInfo>
         <title>Jewels in her crown: treasures of Columbia University Libraries special collections</title>
      </titleInfo>
      <location>
         <url>http://www.columbia.edu/cgi-bin/cul/resolve?clio4887511</url>
      </location>
   </relatedItem>
   <relatedItem type="host" displayLabel="Collection">
      <titleInfo>
         <title>Greene &amp; Greene architectural drawings, papers and photographs</title>
      </titleInfo>
   </relatedItem>
   <accessCondition>No known restrictions.</accessCondition>
   <recordInfo>
      <recordIdentifier>ldpd_treasures_070_000_descMetadata</recordIdentifier>
      <recordContentSource authority="marcorg">NNC</recordContentSource>
      <languageOfCataloging>
         <languageTerm type="code" authority="iso639-2b">eng</languageTerm>
      </languageOfCataloging>
      <recordOrigin>Created and edited in general conformance to MODS Guideline (Version 3).</recordOrigin>
   </recordInfo>
</mods>
