<?xml version="1.0" encoding="UTF-8"?>
<mods xmlns:xlink="http://www.w3.org/1999/xlink"
      xmlns="http://www.loc.gov/mods/v3"
      xmlns:xsi="http://www.w3.org/2001/XMLSchema-instance"
      xmlns:xs="http://www.w3.org/2001/XMLSchema"
      xsi:schemaLocation="http://www.loc.gov/mods/v3 http://www.loc.gov/standards/mods/v3/mods-3-5.xsd"
      version="3.5">
   <identifier type="local">jewels_dbr_001</identifier>
   <titleInfo>
      <title>Da bo re bo luo mi duo jing (Prajna-paramita sutra)</title>
   </titleInfo>
   <originInfo>
      <place>
         <placeTerm type="text" valueURI="http://id.loc.gov/authorities/names/n82258781">Fenghua Xian (China)</placeTerm>
      </place>
      <publisher>Wang gong ci tang,</publisher>
      <dateCreated encoding="w3cdtf" keyDate="yes">1162</dateCreated>
   </originInfo>
   <typeOfResource>still image</typeOfResource>
   <physicalDescription>
      <extent>One volume of six surviving volumes</extent>
      <form authority="aat">books</form>
   </physicalDescription>
   <language>
      <languageTerm type="code" authority="iso639-2b">chi</languageTerm>
   </language>
   <location>
      <physicalLocation>NNC-EA</physicalLocation>
      <url access="object in context" usage="primary display">http://www.columbia.edu/cu/lweb/eresources/exhibitions/treasures/html/18.html</url>
   </location>
   <subject>
      <geographic authority="lcsh"
                  valueURI="http://id.loc.gov/authorities/subjects/sh85040525">East Asia</geographic>
   </subject>
   <relatedItem type="host" displayLabel="Project">
      <titleInfo>
         <title>Jewels in her crown: treasures of Columbia University Libraries special collections</title>
      </titleInfo>
      <location>
         <url>http://www.columbia.edu/cgi-bin/cul/resolve?clio4887511</url>
      </location>
   </relatedItem>
   <accessCondition>No known restrictions.</accessCondition>
   <recordInfo>
      <recordIdentifier>ldpd_treasures_018_001_descMetadata</recordIdentifier>
      <recordContentSource authority="marcorg">NNC</recordContentSource>
      <languageOfCataloging>
         <languageTerm type="code" authority="iso639-2b">eng</languageTerm>
      </languageOfCataloging>
      <recordOrigin>Created and edited in general conformance to MODS Guideline (Version 3).</recordOrigin>
   </recordInfo>
</mods>
