<?xml version="1.0" encoding="UTF-8"?>
<mods xmlns:xlink="http://www.w3.org/1999/xlink"
      xmlns="http://www.loc.gov/mods/v3"
      xmlns:xsi="http://www.w3.org/2001/XMLSchema-instance"
      xmlns:xs="http://www.w3.org/2001/XMLSchema"
      xsi:schemaLocation="http://www.loc.gov/mods/v3 http://www.loc.gov/standards/mods/v3/mods-3-5.xsd"
      version="3.5">
   <identifier type="local">jewels_aal_000</identifier>
   <name type="personal">
      <namePart>Vereshchagina, Alexandra, 1810-1873</namePart>
   </name>
   <titleInfo>
      <title>Autograph album</title>
      <partName>Unnumbered page</partName>
   </titleInfo>
   <originInfo>
      <dateCreated encoding="w3cdtf" keyDate="yes" qualifier="approximate">1830</dateCreated>
   </originInfo>
   <typeOfResource>still image</typeOfResource>
   <physicalDescription>
      <form authority="aat">albums</form>
      <extent>Mixed media</extent>
   </physicalDescription>
   <location>
      <physicalLocation>NNC-RB</physicalLocation>
      <url access="object in context" usage="primary display">http://www.columbia.edu/cu/lweb/eresources/exhibitions/treasures/html/200.html</url>
      <holdingSimple>
         <copyInformation>
            <subLocation>Bakhmeteff Archive of Russian and East European</subLocation>
         </copyInformation>
      </holdingSimple>
   </location>
   <subject authority="lcsh"
            valueURI="http://id.loc.gov/authorities/subjects/sh85077507">
      <topic>Literature</topic>
   </subject>
   <relatedItem type="host" displayLabel="Project">
      <titleInfo>
         <title>Jewels in her crown: treasures of Columbia University Libraries special collections</title>
      </titleInfo>
      <location>
         <url>http://www.columbia.edu/cgi-bin/cul/resolve?clio4887511</url>
      </location>
   </relatedItem>
   <relatedItem type="host" displayLabel="Collection">
      <titleInfo>
         <title>Lermontov Collection</title>
      </titleInfo>
   </relatedItem>
   <accessCondition>No known restrictions.</accessCondition>
   <recordInfo>
      <recordIdentifier>ldpd_treasures_200_000_descMetadata</recordIdentifier>
      <recordContentSource authority="marcorg">NNC</recordContentSource>
      <languageOfCataloging>
         <languageTerm type="code" authority="iso639-2b">eng</languageTerm>
      </languageOfCataloging>
      <recordOrigin>Created and edited in general conformance to MODS Guideline (Version 3).</recordOrigin>
   </recordInfo>
</mods>
