<?xml version="1.0" encoding="UTF-8"?>
<mods xmlns:xlink="http://www.w3.org/1999/xlink"
      xmlns="http://www.loc.gov/mods/v3"
      xmlns:xsi="http://www.w3.org/2001/XMLSchema-instance"
      xmlns:xs="http://www.w3.org/2001/XMLSchema"
      xsi:schemaLocation="http://www.loc.gov/mods/v3 http://www.loc.gov/standards/mods/v3/mods-3-5.xsd"
      version="3.5">
   <identifier type="local">jewels_tuu_070</identifier>
   <name type="personal"
         authority="naf"
         valueURI="http://id.loc.gov/authorities/names/n79043849">
      <namePart>Freud, Sigmund, 1856-1939</namePart>
   </name>
   <titleInfo>
      <title>Totem und Tabu</title>
      <partName>Leaf 70</partName>
   </titleInfo>
   <originInfo>
      <place>
         <placeTerm type="text" valueURI="http://id.loc.gov/authorities/names/n79018895">Vienna (Austria)</placeTerm>
      </place>
      <dateCreated encoding="w3cdtf"
                   keyDate="yes"
                   point="start"
                   qualifier="approximate">1912</dateCreated>
      <dateCreated encoding="w3cdtf" keyDate="yes" point="end">1913</dateCreated>
   </originInfo>
   <typeOfResource>still image</typeOfResource>
   <physicalDescription>
      <form authority="lcsh">manuscripts</form>
      <extent>Autograph document</extent>
   </physicalDescription>
   <abstract>Essay II, section 3</abstract>
   <language>
      <languageTerm type="code" authority="iso639-2b">ger</languageTerm>
   </language>
   <location>
      <physicalLocation>NNC-M</physicalLocation>
      <url access="object in context" usage="primary display">http://www.columbia.edu/cu/lweb/eresources/exhibitions/treasures/html/157.html</url>
   </location>
   <subject authority="lcsh"
            valueURI="http://id.loc.gov/authorities/subjects/sh85083022">
      <topic>Medical sciences</topic>
   </subject>
   <relatedItem type="host" displayLabel="Project">
      <titleInfo>
         <title>Jewels in her crown: treasures of Columbia University Libraries special collections</title>
      </titleInfo>
      <location>
         <url>http://www.columbia.edu/cgi-bin/cul/resolve?clio4887511</url>
      </location>
   </relatedItem>
   <accessCondition>No known restrictions.</accessCondition>
   <recordInfo>
      <recordIdentifier>ldpd_treasures_157_070_descMetadata</recordIdentifier>
      <recordContentSource authority="marcorg">NNC</recordContentSource>
      <languageOfCataloging>
         <languageTerm type="code" authority="iso639-2b">eng</languageTerm>
      </languageOfCataloging>
      <recordOrigin>Created and edited in general conformance to MODS Guideline (Version 3).</recordOrigin>
   </recordInfo>
</mods>
