<?xml version="1.0" encoding="UTF-8"?>
<mods xmlns:xlink="http://www.w3.org/1999/xlink"
      xmlns="http://www.loc.gov/mods/v3"
      xmlns:xsi="http://www.w3.org/2001/XMLSchema-instance"
      xmlns:xs="http://www.w3.org/2001/XMLSchema"
      xsi:schemaLocation="http://www.loc.gov/mods/v3 http://www.loc.gov/standards/mods/v3/mods-3-5.xsd"
      version="3.5">
   <identifier type="local">jewels_cft</identifier>
   <name type="personal"
         authority="naf"
         valueURI="http://id.loc.gov/authorities/names/n79043849">
      <namePart>Freud, Sigmund, 1856-1939</namePart>
   </name>
   <titleInfo>
      <title>Contract for "The Psycho-Analytic Problem of the War"</title>
   </titleInfo>
   <originInfo>
      <place>
         <placeTerm type="text" valueURI="http://id.loc.gov/authorities/names/n79018895">Vienna (Austria)</placeTerm>
      </place>
      <dateCreated encoding="w3cdtf" keyDate="yes">1921-10-10</dateCreated>
   </originInfo>
   <physicalDescription>
      <form authority="aat">printed ephemera</form>
      <extent>Typescript, signed</extent>
   </physicalDescription>
   <language>
      <languageTerm type="code" authority="iso639-2b">eng</languageTerm>
   </language>
   <location>
      <physicalLocation>NNC-RB</physicalLocation>
      <url access="object in context" usage="primary display">http://www.columbia.edu/cu/lweb/eresources/exhibitions/treasures/html/80.html</url>
   </location>
   <subject authority="lcsh"
            valueURI="http://id.loc.gov/authorities/subjects/sh85124049">
      <topic>Social service</topic>
   </subject>
   <relatedItem type="host" displayLabel="Project">
      <titleInfo>
         <title>Jewels in her crown: treasures of Columbia University Libraries special collections</title>
      </titleInfo>
      <location>
         <url>http://www.columbia.edu/cgi-bin/cul/resolve?clio4887511</url>
      </location>
   </relatedItem>
   <relatedItem type="host" displayLabel="Collection">
      <titleInfo>
         <title>Carnegie Endowment for International Peace records</title>
      </titleInfo>
   </relatedItem>
   <accessCondition>No known restrictions.</accessCondition>
   <recordInfo>
      <recordIdentifier>ldpd_treasures_080_descMetadata</recordIdentifier>
      <recordContentSource authority="marcorg">NNC</recordContentSource>
      <languageOfCataloging>
         <languageTerm type="code" authority="iso639-2b">eng</languageTerm>
      </languageOfCataloging>
      <recordOrigin>Created and edited in general conformance to MODS Guideline (Version 3).</recordOrigin>
   </recordInfo>
</mods>
