<?xml version="1.0" encoding="UTF-8"?>
<mods xmlns:xlink="http://www.w3.org/1999/xlink"
      xmlns="http://www.loc.gov/mods/v3"
      xmlns:xsi="http://www.w3.org/2001/XMLSchema-instance"
      xmlns:xs="http://www.w3.org/2001/XMLSchema"
      xsi:schemaLocation="http://www.loc.gov/mods/v3 http://www.loc.gov/standards/mods/v3/mods-3-5.xsd"
      version="3.5">
   <identifier type="local">jewels_asl_000</identifier>
   <name type="personal"
         authority="naf"
         valueURI="http://id.loc.gov/authorities/names/n87844975">
      <namePart>Smith, Amanda, 1837-1915</namePart>
   </name>
   <titleInfo>
      <nonSort>An</nonSort>
      <title>Autobiography: the story of the Lord's dealing with Mrs. Amanda Smith, the Colored Evangelist; containing an account of her life and work of faith, and her travels in America, England, Ireland, Scotland, India and Africa, as an Independent Missionary</title>
      <partName>Title page</partName>
   </titleInfo>
   <originInfo>
      <place>
         <placeTerm type="text" valueURI="http://id.loc.gov/authorities/names/n78086438">Chicago (Ill.)</placeTerm>
      </place>
      <publisher>Meyer and Brother</publisher>
      <dateCreated/>
      <dateCreated encoding="w3cdtf" keyDate="yes">1893</dateCreated>
   </originInfo>
   <typeOfResource>still image</typeOfResource>
   <physicalDescription>
      <form authority="aat">books</form>
   </physicalDescription>
   <language>
      <languageTerm type="code" authority="iso639-2b">eng</languageTerm>
   </language>
   <location>
      <physicalLocation>NyNyCBL</physicalLocation>
      <url access="object in context" usage="primary display">http://www.columbia.edu/cu/lweb/eresources/exhibitions/treasures/html/135.html</url>
   </location>
   <subject authority="lcsh"
            valueURI="http://id.loc.gov/authorities/subjects/sh85112549">
      <topic>Religion</topic>
   </subject>
   <relatedItem type="host" displayLabel="Project">
      <titleInfo>
         <title>Jewels in her crown: treasures of Columbia University Libraries special collections</title>
      </titleInfo>
      <location>
         <url>http://www.columbia.edu/cgi-bin/cul/resolve?clio4887511</url>
      </location>
   </relatedItem>
   <accessCondition>No known restrictions.</accessCondition>
   <recordInfo>
      <recordIdentifier>ldpd_treasures_135_000_descMetadata</recordIdentifier>
      <recordContentSource authority="marcorg">NNC</recordContentSource>
      <languageOfCataloging>
         <languageTerm type="code" authority="iso639-2b">eng</languageTerm>
      </languageOfCataloging>
      <recordOrigin>Created and edited in general conformance to MODS Guideline (Version 3).</recordOrigin>
   </recordInfo>
</mods>
