<?xml version="1.0" encoding="UTF-8"?>
<mods xmlns:xlink="http://www.w3.org/1999/xlink"
      xmlns="http://www.loc.gov/mods/v3"
      xmlns:xsi="http://www.w3.org/2001/XMLSchema-instance"
      xmlns:xs="http://www.w3.org/2001/XMLSchema"
      xsi:schemaLocation="http://www.loc.gov/mods/v3 http://www.loc.gov/standards/mods/v3/mods-3-5.xsd"
      version="3.5">
   <identifier type="local">jewels_bge</identifier>
   <titleInfo>
      <title>Biblia Germanica</title>
   </titleInfo>
   <originInfo>
      <place>
         <placeTerm type="text" valueURI="http://id.loc.gov/authorities/names/n80017681">Nuremberg (Germany)</placeTerm>
      </place>
      <publisher>Anton Koberger</publisher>
      <dateCreated/>
      <dateCreated encoding="w3cdtf" keyDate="yes">1483</dateCreated>
   </originInfo>
   <physicalDescription>
      <form authority="lcsh">manuscripts</form>
   </physicalDescription>
   <language>
      <languageTerm type="code" authority="iso639-2b">ger</languageTerm>
   </language>
   <location>
      <physicalLocation>NyNyCBL</physicalLocation>
      <url access="object in context" usage="primary display">http://www.columbia.edu/cu/lweb/eresources/exhibitions/treasures/html/125.html</url>
   </location>
   <subject authority="lcsh"
            valueURI="http://id.loc.gov/authorities/subjects/sh85112549">
      <topic>Religion</topic>
   </subject>
   <relatedItem type="host" displayLabel="Project">
      <titleInfo>
         <title>Jewels in her crown: treasures of Columbia University Libraries special collections</title>
      </titleInfo>
      <location>
         <url>http://www.columbia.edu/cgi-bin/cul/resolve?clio4887511</url>
      </location>
   </relatedItem>
   <relatedItem type="host" displayLabel="Collection">
      <titleInfo>
         <title>Frederick Ferris Thompson Collection</title>
      </titleInfo>
   </relatedItem>
   <accessCondition>No known restrictions.</accessCondition>
   <recordInfo>
      <recordIdentifier>ldpd_treasures_125_descMetadata</recordIdentifier>
      <recordContentSource authority="marcorg">NNC</recordContentSource>
      <languageOfCataloging>
         <languageTerm type="code" authority="iso639-2b">eng</languageTerm>
      </languageOfCataloging>
      <recordOrigin>Created and edited in general conformance to MODS Guideline (Version 3).</recordOrigin>
   </recordInfo>
</mods>
