<?xml version="1.0" encoding="UTF-8"?>
<mods xmlns:xlink="http://www.w3.org/1999/xlink"
      xmlns="http://www.loc.gov/mods/v3"
      xmlns:xsi="http://www.w3.org/2001/XMLSchema-instance"
      xmlns:xs="http://www.w3.org/2001/XMLSchema"
      xsi:schemaLocation="http://www.loc.gov/mods/v3 http://www.loc.gov/standards/mods/v3/mods-3-5.xsd"
      version="3.5">
   <identifier type="local">jewels_qdd</identifier>
   <name type="personal"
         authority="naf"
         valueURI="http://id.loc.gov/authorities/names/n82224838">
      <namePart>Chen, Menglei, 1651-</namePart>
   </name>
   <name type="personal"
         authority="naf"
         valueURI="http://id.loc.gov/authorities/names/nr89005214">
      <namePart>Jiang, Tingxi, 1669-1732</namePart>
   </name>
   <titleInfo>
      <title>Qin ding gu jin tu shu ji cheng</title>
   </titleInfo>
   <originInfo>
      <place>
         <placeTerm type="text" valueURI="http://id.loc.gov/authorities/names/n79091151">China</placeTerm>
      </place>
      <publisher>Zong li ya men shi yin ben</publisher>
      <dateCreated encoding="w3cdtf" keyDate="yes" qualifier="questionable">1890</dateCreated>
   </originInfo>
   <physicalDescription>
      <extent>1,672 volumes (original gift in 5,044 volumes)</extent>
      <form authority="aat">books</form>
   </physicalDescription>
   <language>
      <languageTerm type="code" authority="iso639-2b">chi</languageTerm>
   </language>
   <location>
      <physicalLocation>NNC-EA</physicalLocation>
      <url access="object in context" usage="primary display">http://www.columbia.edu/cu/lweb/eresources/exhibitions/treasures/html/31.html</url>
   </location>
   <subject>
      <geographic authority="lcsh"
                  valueURI="http://id.loc.gov/authorities/subjects/sh85040525">East Asia</geographic>
   </subject>
   <relatedItem type="host" displayLabel="Project">
      <titleInfo>
         <title>Jewels in her crown: treasures of Columbia University Libraries special collections</title>
      </titleInfo>
      <location>
         <url>http://www.columbia.edu/cgi-bin/cul/resolve?clio4887511</url>
      </location>
   </relatedItem>
   <accessCondition>No known restrictions.</accessCondition>
   <recordInfo>
      <recordIdentifier>ldpd_treasures_031_descMetadata</recordIdentifier>
      <recordContentSource authority="marcorg">NNC</recordContentSource>
      <languageOfCataloging>
         <languageTerm type="code" authority="iso639-2b">eng</languageTerm>
      </languageOfCataloging>
      <recordOrigin>Created and edited in general conformance to MODS Guideline (Version 3).</recordOrigin>
   </recordInfo>
</mods>
