<?xml version="1.0" encoding="UTF-8"?>
<mods xmlns:xlink="http://www.w3.org/1999/xlink"
      xmlns="http://www.loc.gov/mods/v3"
      xmlns:xsi="http://www.w3.org/2001/XMLSchema-instance"
      xmlns:xs="http://www.w3.org/2001/XMLSchema"
      xsi:schemaLocation="http://www.loc.gov/mods/v3 http://www.loc.gov/standards/mods/v3/mods-3-5.xsd"
      version="3.5">
   <identifier type="CLIO">CLIO_82024</identifier>
   <identifier type="local">emw</identifier>
   <name>
      <namePart>Hart, Son, Peard &amp; Co.</namePart>
   </name>
   <titleInfo>
      <title>Examples of metal work for ecclesiastical and domestic use : manufactured by Hart, Son, Peard &amp; Co</title>
   </titleInfo>
   <originInfo>
      <place>
         <placeTerm type="text" valueURI="http://id.loc.gov/authorities/names/n79005665">London (England)</placeTerm>
      </place>
      <place>
         <placeTerm type="text">London, England?</placeTerm>
      </place>
      <publisher>Co.</publisher>
      <dateCreated>1870-</dateCreated>
      <dateCreated encoding="w3cdtf" keyDate="yes">1870</dateCreated>
   </originInfo>
   <physicalDescription>
      <form authority="aat">books</form>
   </physicalDescription>
   <language>
      <languageTerm type="code" authority="iso639-2b">eng</languageTerm>
   </language>
   <location>
      <physicalLocation authority="marcorg">NNC-A</physicalLocation>
      <holdingSimple>
         <copyInformation>
            <subLocation>Avery Classics Collection</subLocation>
            <shelfLocator>AT3610 H252 1870</shelfLocator>
         </copyInformation>
      </holdingSimple>
   </location>
   <subject authority="lcsh"
            valueURI="http://id.loc.gov/authorities/subjects/sh85006597">
      <topic>Architectural ironwork</topic>
   </subject>
   <subject authority="lcsh"
            valueURI="http://id.loc.gov/authorities/subjects/sh85036275">
      <topic>Decoration and ornament, Architectural</topic>
   </subject>
   <relatedItem type="host" displayLabel="Project">
      <titleInfo>
         <title>Avery’s Architectural Ephemera Collections</title>
      </titleInfo>
      <location>
         <url>http://www.columbia.edu/cgi-bin/cul/resolve?clio10813843</url>
      </location>
   </relatedItem>
   <recordInfo>
      <recordIdentifier>emw_descMetadata</recordIdentifier>
      <recordContentSource authority="marcorg">NNC</recordContentSource>
      <languageOfCataloging>
         <languageTerm type="code" authority="iso639-2b">eng</languageTerm>
      </languageOfCataloging>
      <recordOrigin>Created and edited in general conformance to MODS Guideline (Version 3).</recordOrigin>
   </recordInfo>
</mods>
