<?xml version="1.0" encoding="UTF-8"?>
<mods xmlns:xlink="http://www.w3.org/1999/xlink"
      xmlns="http://www.loc.gov/mods/v3"
      xmlns:xsi="http://www.w3.org/2001/XMLSchema-instance"
      xmlns:xs="http://www.w3.org/2001/XMLSchema"
      xsi:schemaLocation="http://www.loc.gov/mods/v3 http://www.loc.gov/standards/mods/v3/mods-3-5.xsd"
      version="3.5">
   <identifier type="local">jlc</identifier>
   <name authority="naf"
         valueURI="http://id.loc.gov/authorities/names/nr91041562">
      <namePart>John Lucas &amp; Co.</namePart>
   </name>
   <titleInfo>
      <title>John Lucas &amp; Co.</title>
   </titleInfo>
   <originInfo>
      <place>
         <placeTerm type="text" valueURI="http://id.loc.gov/authorities/names/n78095520">Philadelphia (Pa.)</placeTerm>
      </place>
      <dateCreated>between 1850-1920</dateCreated>
      <dateCreated encoding="w3cdtf"
                   keyDate="yes"
                   point="start"
                   qualifier="inferred">1850</dateCreated>
      <dateCreated encoding="w3cdtf" keyDate="yes" point="end">1920</dateCreated>
   </originInfo>
   <physicalDescription>
      <form authority="aat">printed ephemera</form>
   </physicalDescription>
   <language>
      <languageTerm type="code" authority="iso639-2b">eng</languageTerm>
   </language>
   <note type="ownership">Donated by Robert Biggert in honor of Lisa Ann Riveaux.</note>
   <location>
      <physicalLocation authority="marcorg">NNC-A</physicalLocation>
      <holdingSimple>
         <copyInformation>
            <subLocation>Avery Classics Collection</subLocation>
            <shelfLocator>AA705 B48</shelfLocator>
         </copyInformation>
      </holdingSimple>
   </location>
   <subject authority="lcsh"
            valueURI="http://id.loc.gov/authorities/subjects/sh85006905">
      <topic>Architecture in art</topic>
   </subject>
   <relatedItem type="host" displayLabel="Project">
      <titleInfo>
         <title>Avery’s Architectural Ephemera Collections</title>
      </titleInfo>
      <location>
         <url>http://www.columbia.edu/cgi-bin/cul/resolve?clio10813843</url>
      </location>
   </relatedItem>
   <relatedItem type="host" displayLabel="Collection">
      <titleInfo>
         <title>Biggert collection of architectural vignettes on commercial stationery</title>
      </titleInfo>
   </relatedItem>
   <recordInfo>
      <recordIdentifier>jlc_descMetadata</recordIdentifier>
      <recordContentSource authority="marcorg">NNC</recordContentSource>
      <languageOfCataloging>
         <languageTerm type="code" authority="iso639-2b">eng</languageTerm>
      </languageOfCataloging>
      <recordOrigin>Created and edited in general conformance to MODS Guideline (Version 3).</recordOrigin>
   </recordInfo>
</mods>
