<?xml version="1.0" encoding="UTF-8"?>
<mods xmlns:xlink="http://www.w3.org/1999/xlink"
      xmlns="http://www.loc.gov/mods/v3"
      xmlns:xsi="http://www.w3.org/2001/XMLSchema-instance"
      xmlns:xs="http://www.w3.org/2001/XMLSchema"
      xsi:schemaLocation="http://www.loc.gov/mods/v3 http://www.loc.gov/standards/mods/v3/mods-3-5.xsd"
      version="3.5">
   <identifier type="local">nbs</identifier>
   <name authority="naf"
         valueURI="http://id.loc.gov/authorities/names/nr90017477">
      <namePart>Cross &amp; Brown Company</namePart>
   </name>
   <titleInfo>
      <title>New 1775 Broadway at 57th Street</title>
   </titleInfo>
   <originInfo>
      <dateCreated>between 1920-1979</dateCreated>
      <dateCreated encoding="w3cdtf"
                   keyDate="yes"
                   point="start"
                   qualifier="inferred">1920</dateCreated>
      <dateCreated encoding="w3cdtf" keyDate="yes" point="end">1979</dateCreated>
   </originInfo>
   <physicalDescription>
      <form authority="aat">printed ephemera</form>
   </physicalDescription>
   <language>
      <languageTerm type="code" authority="iso639-2b">eng</languageTerm>
   </language>
   <note type="ownership">Donated by Yale Robbins, Henry Robbins, &amp; David Magier.</note>
   <location>
      <physicalLocation authority="marcorg">NNC-A</physicalLocation>
      <holdingSimple>
         <copyInformation>
            <subLocation>Avery Classics Collection</subLocation>
            <shelfLocator>YR.1051.MH.001</shelfLocator>
         </copyInformation>
      </holdingSimple>
   </location>
   <subject authority="lcsh"
            valueURI="http://id.loc.gov/authorities/subjects/sh2009115107">
      <topic>Apartment houses--New York (State)--New York</topic>
   </subject>
   <subject authority="lcsh"
            valueURI="http://id.loc.gov/authorities/subjects/sh85017769">
      <topic>Buildings</topic>
   </subject>
   <subject authority="lcsh"
            valueURI="http://id.loc.gov/authorities/subjects/sh85006594">
      <topic>Architectural firms</topic>
   </subject>
   <subject>
      <geographic authority="naf"
                  valueURI="http://id.loc.gov/authorities/names/n80118393">Manhattan (New York, N.Y.)</geographic>
   </subject>
   <subject>
      <hierarchicalGeographic>
         <country>United States</country>
         <state>New York</state>
         <city>New York</city>
         <citySection>Street: 1775 Broadway</citySection>
      </hierarchicalGeographic>
   </subject>
   <relatedItem type="host" displayLabel="Project">
      <titleInfo>
         <title>Avery’s Architectural Ephemera Collections</title>
      </titleInfo>
      <location>
         <url>http://www.columbia.edu/cgi-bin/cul/resolve?clio10813843</url>
      </location>
   </relatedItem>
   <relatedItem type="host" displayLabel="Collection">
      <titleInfo>
         <title>New York real estate brochure collection</title>
      </titleInfo>
   </relatedItem>
   <recordInfo>
      <recordIdentifier>nbs_descMetadata</recordIdentifier>
      <recordContentSource authority="marcorg">NNC</recordContentSource>
      <languageOfCataloging>
         <languageTerm type="code" authority="iso639-2b">eng</languageTerm>
      </languageOfCataloging>
      <recordOrigin>Created and edited in general conformance to MODS Guideline (Version 3).</recordOrigin>
   </recordInfo>
</mods>
