<?xml version="1.0" encoding="UTF-8"?>
<mods xmlns:xlink="http://www.w3.org/1999/xlink"
      xmlns="http://www.loc.gov/mods/v3"
      xmlns:xsi="http://www.w3.org/2001/XMLSchema-instance"
      xmlns:xs="http://www.w3.org/2001/XMLSchema"
      xsi:schemaLocation="http://www.loc.gov/mods/v3 http://www.loc.gov/standards/mods/v3/mods-3-5.xsd"
      version="3.5">
   <identifier type="omeka">omeka_007313</identifier>
   <identifier type="local">hpb_006</identifier>
   <name>
      <namePart>David Kenneth Specter and Associates</namePart>
   </name>
   <name>
      <namePart>RAMS Marketing, Inc.</namePart>
   </name>
   <name>
      <namePart>Bay St. Landing Associates</namePart>
   </name>
   <name>
      <namePart>Greater New York Savings Bank</namePart>
   </name>
   <titleInfo>
      <title>Harbour Pointe at Bay Street Landing</title>
      <partName>Page 6 of brochure</partName>
   </titleInfo>
   <originInfo>
      <dateCreated>between 1920-1979</dateCreated>
      <dateCreated encoding="w3cdtf"
                   keyDate="yes"
                   point="start"
                   qualifier="inferred">1920</dateCreated>
      <dateCreated encoding="w3cdtf" keyDate="yes" point="end">1979</dateCreated>
   </originInfo>
   <typeOfResource>still image</typeOfResource>
   <physicalDescription>
      <digitalOrigin>reformatted digital</digitalOrigin>
      <form authority="aat">printed ephemera</form>
   </physicalDescription>
   <language>
      <languageTerm type="code" authority="iso639-2b">eng</languageTerm>
   </language>
   <note type="ownership">Donated by Yale Robbins, Henry Robbins, &amp; David Magier.</note>
   <note>original filename: ldpd_YR_0002_SI_001_006.jpg</note>
   <location>
      <physicalLocation authority="marcorg">NNC-A</physicalLocation>
      <holdingSimple>
         <copyInformation>
            <subLocation>Avery Classics Collection</subLocation>
         </copyInformation>
      </holdingSimple>
      <holdingExternal>
         <url access="object in context" usage="primary display">https://exhibitions.cul.columbia.edu/exhibits/show/ephemera/brochures/nyre</url>
      </holdingExternal>
   </location>
   <subject authority="lcsh"
            valueURI="http://id.loc.gov/authorities/subjects/sh2009115107">
      <topic>Apartment houses--New York (State)--New York</topic>
   </subject>
   <subject authority="lcsh"
            valueURI="http://id.loc.gov/authorities/subjects/sh85017769">
      <topic>Buildings</topic>
   </subject>
   <subject authority="lcsh"
            valueURI="http://id.loc.gov/authorities/subjects/sh85006594">
      <topic>Architectural firms</topic>
   </subject>
   <subject>
      <geographic authority="naf"
                  valueURI="http://id.loc.gov/authorities/names/n2008024994">Saint George (New York, N.Y.)</geographic>
   </subject>
   <subject>
      <hierarchicalGeographic>
         <country>United States</country>
         <state>New York</state>
         <city>Staten Island</city>
         <citySection>Street: 80 Bay Street Landing</citySection>
      </hierarchicalGeographic>
   </subject>
   <relatedItem type="host" displayLabel="Project">
      <titleInfo>
         <title>Avery’s Architectural Ephemera Collections</title>
      </titleInfo>
      <location>
         <url>http://www.columbia.edu/cgi-bin/cul/resolve?clio10813843</url>
      </location>
   </relatedItem>
   <relatedItem type="host" displayLabel="Collection">
      <titleInfo>
         <title>New York real estate brochure collection</title>
      </titleInfo>
   </relatedItem>
   <recordInfo>
      <recordIdentifier>007313_descMetadata</recordIdentifier>
      <recordContentSource authority="marcorg">NNC</recordContentSource>
      <languageOfCataloging>
         <languageTerm type="code" authority="iso639-2b">eng</languageTerm>
      </languageOfCataloging>
      <recordOrigin>Created and edited in general conformance to MODS Guideline (Version 3).</recordOrigin>
   </recordInfo>
</mods>
