<?xml version="1.0" encoding="UTF-8"?>
<mods xmlns:xlink="http://www.w3.org/1999/xlink"
      xmlns="http://www.loc.gov/mods/v3"
      xmlns:xsi="http://www.w3.org/2001/XMLSchema-instance"
      xmlns:xs="http://www.w3.org/2001/XMLSchema"
      xsi:schemaLocation="http://www.loc.gov/mods/v3 http://www.loc.gov/standards/mods/v3/mods-3-5.xsd"
      version="3.5">
   <identifier type="omeka">omeka_007298</identifier>
   <identifier type="local">hmo_000</identifier>
   <name>
      <namePart>Business Men’s Association of the City of Helena, Montana</namePart>
   </name>
   <titleInfo>
      <title>Helena, Montana</title>
      <partName>Cover of viewbook</partName>
   </titleInfo>
   <originInfo>
      <place>
         <placeTerm type="text" valueURI="http://id.loc.gov/authorities/names/n80007662">Helena (Mont.)</placeTerm>
      </place>
      <place>
         <placeTerm type="text">Helena, MT</placeTerm>
      </place>
      <publisher>Business Men’s Association</publisher>
      <dateCreated>circa 1905</dateCreated>
      <dateCreated encoding="w3cdtf" keyDate="yes" qualifier="questionable">1905</dateCreated>
   </originInfo>
   <typeOfResource>still image</typeOfResource>
   <physicalDescription>
      <digitalOrigin>reformatted digital</digitalOrigin>
      <form authority="aat">books</form>
   </physicalDescription>
   <language>
      <languageTerm type="code" authority="iso639-2b">eng</languageTerm>
   </language>
   <note>original filename: 1202210025.jpg</note>
   <location>
      <physicalLocation authority="marcorg">NNC-A</physicalLocation>
      <holdingSimple>
         <copyInformation>
            <subLocation>Avery Classics Collection</subLocation>
         </copyInformation>
      </holdingSimple>
      <holdingExternal>
         <url access="object in context" usage="primary display">https://exhibitions.cul.columbia.edu/exhibits/show/ephemera/viewbooks/view</url>
      </holdingExternal>
   </location>
   <subject authority="lcsh">
      <topic>Helena (Mont.)--Description and travel</topic>
   </subject>
   <subject authority="lcsh">
      <topic>Helena (Mont.)--History</topic>
   </subject>
   <subject authority="fast" valueURI="http://id.worldcat.org/fast/1155558">
      <topic>Travel</topic>
   </subject>
   <subject>
      <geographic authority="naf"
                  valueURI="http://id.loc.gov/authorities/names/n80007662">Helena (Mont.)</geographic>
   </subject>
   <relatedItem type="host" displayLabel="Project">
      <titleInfo>
         <title>Avery’s Architectural Ephemera Collections</title>
      </titleInfo>
      <location>
         <url>http://www.columbia.edu/cgi-bin/cul/resolve?clio10813843</url>
      </location>
   </relatedItem>
   <recordInfo>
      <recordIdentifier>007298_descMetadata</recordIdentifier>
      <recordContentSource authority="marcorg">NNC</recordContentSource>
      <languageOfCataloging>
         <languageTerm type="code" authority="iso639-2b">eng</languageTerm>
      </languageOfCataloging>
      <recordOrigin>Created and edited in general conformance to MODS Guideline (Version 3).</recordOrigin>
   </recordInfo>
</mods>
