<?xml version="1.0" encoding="UTF-8"?>
<mods xmlns:xlink="http://www.w3.org/1999/xlink"
      xmlns="http://www.loc.gov/mods/v3"
      xmlns:xsi="http://www.w3.org/2001/XMLSchema-instance"
      xmlns:xs="http://www.w3.org/2001/XMLSchema"
      xsi:schemaLocation="http://www.loc.gov/mods/v3 http://www.loc.gov/standards/mods/v3/mods-3-5.xsd"
      version="3.5">
   <identifier type="CLIO">CLIO_901391</identifier>
   <identifier type="local">sko</identifier>
   <name authority="naf"
         valueURI="http://id.loc.gov/authorities/names/nr92011762">
      <namePart>Standard Varnish Works</namePart>
   </name>
   <titleInfo>
      <title>Standard Kleartone oil stain, acid stain and paste wood filler samples</title>
   </titleInfo>
   <originInfo>
      <place>
         <placeTerm type="text" valueURI="http://id.loc.gov/authorities/names/n79007751">New York (N.Y.)</placeTerm>
      </place>
      <place>
         <placeTerm type="text">New York, N.Y.</placeTerm>
      </place>
      <publisher>Works</publisher>
      <dateCreated>1924</dateCreated>
      <dateCreated encoding="w3cdtf" keyDate="yes">1924</dateCreated>
   </originInfo>
   <physicalDescription>
      <form authority="aat">books</form>
      <form authority="aat">objects</form>
   </physicalDescription>
   <language>
      <languageTerm type="code" authority="iso639-2b">eng</languageTerm>
   </language>
   <location>
      <physicalLocation authority="marcorg">NNC-A</physicalLocation>
      <holdingSimple>
         <copyInformation>
            <subLocation>Avery Classics Collection</subLocation>
            <shelfLocator>AT7425 St24 1924</shelfLocator>
         </copyInformation>
      </holdingSimple>
   </location>
   <subject authority="lcsh">
      <topic>Stains and staining--Specimens</topic>
   </subject>
   <subject authority="lcsh"
            valueURI="http://id.loc.gov/authorities/subjects/sh85127262">
      <topic>Stains and staining</topic>
   </subject>
   <relatedItem type="host" displayLabel="Project">
      <titleInfo>
         <title>Avery’s Architectural Ephemera Collections</title>
      </titleInfo>
      <location>
         <url>http://www.columbia.edu/cgi-bin/cul/resolve?clio10813843</url>
      </location>
   </relatedItem>
   <recordInfo>
      <recordIdentifier>sko_descMetadata</recordIdentifier>
      <recordContentSource authority="marcorg">NNC</recordContentSource>
      <languageOfCataloging>
         <languageTerm type="code" authority="iso639-2b">eng</languageTerm>
      </languageOfCataloging>
      <recordOrigin>Created and edited in general conformance to MODS Guideline (Version 3).</recordOrigin>
   </recordInfo>
</mods>
