<?xml version="1.0" encoding="UTF-8"?>
<mods xmlns:xlink="http://www.w3.org/1999/xlink"
      xmlns="http://www.loc.gov/mods/v3"
      xmlns:xsi="http://www.w3.org/2001/XMLSchema-instance"
      xmlns:xs="http://www.w3.org/2001/XMLSchema"
      xsi:schemaLocation="http://www.loc.gov/mods/v3 http://www.loc.gov/standards/mods/v3/mods-3-5.xsd"
      version="3.5">
   <identifier type="omeka">omeka_007284</identifier>
   <identifier type="local">sal_002</identifier>
   <name authority="naf"
         valueURI="http://id.loc.gov/authorities/names/n79021788">
      <namePart>Le Corbusier, 1887-1965</namePart>
   </name>
   <titleInfo>
      <title>Salubra</title>
      <partName>Wallpaper color samples</partName>
   </titleInfo>
   <originInfo>
      <place>
         <placeTerm type="text" valueURI="http://id.loc.gov/authorities/names/n79062979">Basel (Switzerland)</placeTerm>
      </place>
      <place>
         <placeTerm type="text">Basel?</placeTerm>
      </place>
      <publisher>Salubra</publisher>
      <dateCreated>1959?</dateCreated>
      <dateCreated encoding="w3cdtf" keyDate="yes" qualifier="questionable">1959</dateCreated>
   </originInfo>
   <typeOfResource>still image</typeOfResource>
   <physicalDescription>
      <digitalOrigin>reformatted digital</digitalOrigin>
      <form authority="aat">books</form>
      <form authority="aat">objects</form>
   </physicalDescription>
   <language>
      <languageTerm type="code" authority="iso639-2b">eng</languageTerm>
   </language>
   <note>original filename: 1202210011.jpg</note>
   <location>
      <physicalLocation authority="marcorg">NNC-A</physicalLocation>
      <holdingSimple>
         <copyInformation>
            <subLocation>Avery Classics Collection</subLocation>
         </copyInformation>
      </holdingSimple>
   </location>
   <subject authority="lcsh"
            valueURI="http://id.loc.gov/authorities/subjects/sh85144953">
      <topic>Wallpaper</topic>
   </subject>
   <relatedItem type="host" displayLabel="Project">
      <titleInfo>
         <title>Avery’s Architectural Ephemera Collections</title>
      </titleInfo>
      <location>
         <url>http://www.columbia.edu/cgi-bin/cul/resolve?clio10813843</url>
      </location>
   </relatedItem>
   <recordInfo>
      <recordIdentifier>007284_descMetadata</recordIdentifier>
      <recordContentSource authority="marcorg">NNC</recordContentSource>
      <languageOfCataloging>
         <languageTerm type="code" authority="iso639-2b">eng</languageTerm>
      </languageOfCataloging>
      <recordOrigin>Created and edited in general conformance to MODS Guideline (Version 3).</recordOrigin>
   </recordInfo>
</mods>
