<?xml version="1.0" encoding="UTF-8"?>
<mods xmlns:xlink="http://www.w3.org/1999/xlink"
      xmlns="http://www.loc.gov/mods/v3"
      xmlns:xsi="http://www.w3.org/2001/XMLSchema-instance"
      xmlns:xs="http://www.w3.org/2001/XMLSchema"
      xsi:schemaLocation="http://www.loc.gov/mods/v3 http://www.loc.gov/standards/mods/v3/mods-3-5.xsd"
      version="3.5">
   <identifier type="omeka">omeka_006170</identifier>
   <identifier type="local">ama_001</identifier>
   <name authority="naf"
         valueURI="http://id.loc.gov/authorities/names/n85355791">
      <namePart>Murad IV, Sultan of the Turks, 1612-1640</namePart>
   </name>
   <name authority="naf"
         valueURI="http://id.loc.gov/authorities/names/n86080587">
      <namePart>Du Ryer, André, approximately 1580-approximately 1660</namePart>
   </name>
   <name authority="naf"
         valueURI="http://id.loc.gov/authorities/names/n84184693">
      <namePart>Ross, Alexander, 1591-1654</namePart>
   </name>
   <titleInfo>
      <title>Alcoran Of Mahomet</title>
      <partName>Preface: a translation of the command of the grand Seignior concerning Mr. Malezair</partName>
   </titleInfo>
   <originInfo>
      <place>
         <placeTerm type="text" valueURI="http://id.loc.gov/authorities/names/n79034985">Istanbul (Turkey)</placeTerm>
      </place>
      <place>
         <placeTerm type="text">London</placeTerm>
      </place>
      <publisher>s.n.</publisher>
      <dateCreated>1649</dateCreated>
      <dateCreated encoding="w3cdtf" keyDate="yes">1649</dateCreated>
   </originInfo>
   <typeOfResource>still image</typeOfResource>
   <physicalDescription>
      <form>book</form>
      <extent>20 x 15 cm</extent>
      <digitalOrigin>reformatted digital</digitalOrigin>
      <form authority="aat">books</form>
   </physicalDescription>
   <abstract>Safe conduct for André du Ryer, translator at the French mission in Istanbul and ambassador extraordinary of the Ottoman sultan Murad IV (r. 1623-1640), dated 30 Dhū al-Ḥijja 1041 / 17 July 1632</abstract>
   <language>
      <languageTerm type="code" authority="iso639-2b">eng</languageTerm>
   </language>
   <language>
      <languageTerm type="code" authority="iso639-2b">ota</languageTerm>
   </language>
   <note>References: The firman's French translation has been published in: A. Hamilton and F. Richard, André du Ryer and Oriental Studies in Seventeenth-Century France, London, 2004, p. 132;
H. Busse et al., "Farmān,” in: Encylopaedia of Islam, 2nd ed., 2, 1965, pp. 803-896;
B. Fragner, “Farmān,” in: Encyclopaedia Iranica 9/3, 1999, pp. 282-295
A. H. Groot, ”Murād IV,” in: Encylopaedia of Islam, 2nd ed., 7, 1993, pp. 597-599;
Gladys Frantz-Murphy, "Identity and Security in the Mediterranean World ca. AD 640- ca. AD 1517," in: Proceedings of the Twenty-Fifth International Congress of Papyrology, Ann Arbor 2007, Ann Arbor, Mich. 2010, pp. 253-264</note>
   <note>a1b3d593be692a78d7a7703755995a05.jpg</note>
   <note>92ca7fe9a2d1078c452496cb832cd436.jpg</note>
   <location>
      <physicalLocation/>
      <url access="object in context" usage="primary display">https://exhibitions.cul.columbia.edu/exhibits/show/quran/circulation/firman</url>
      <holdingSimple>
         <copyInformation>
            <shelfLocator>1649 M21</shelfLocator>
         </copyInformation>
      </holdingSimple>
   </location>
   <subject authority="lcsh"
            valueURI="http://id.loc.gov/authorities/subjects/sh2008115089">
      <topic>France--Foreign relations--Turkey</topic>
   </subject>
   <subject>
      <name authority="naf"
            valueURI="http://id.loc.gov/authorities/names/n86080587">
         <namePart>Du Ryer, André, approximately 1580-approximately 1660</namePart>
      </name>
   </subject>
   <relatedItem type="host" displayLabel="Project">
      <titleInfo>
         <nonSort>The</nonSort>
         <title>Quran in East and West: Manuscripts and Printed Books</title>
      </titleInfo>
      <location>
         <url/>
      </location>
   </relatedItem>
   <relatedItem type="host" displayLabel="Collection">
      <titleInfo>
         <title>McAlpin Collection of British History and Theology</title>
      </titleInfo>
   </relatedItem>
   <recordInfo>
      <recordIdentifier>006170_descMetadata</recordIdentifier>
      <recordContentSource authority="marcorg">NNC</recordContentSource>
      <languageOfCataloging>
         <languageTerm type="code" authority="iso639-2b">eng</languageTerm>
      </languageOfCataloging>
      <recordOrigin>Created and edited in general conformance to MODS Guideline (Version 3).</recordOrigin>
   </recordInfo>
</mods>
