<?xml version="1.0" encoding="UTF-8"?>
<mods xmlns:xlink="http://www.w3.org/1999/xlink"
      xmlns="http://www.loc.gov/mods/v3"
      xmlns:xsi="http://www.w3.org/2001/XMLSchema-instance"
      xmlns:xs="http://www.w3.org/2001/XMLSchema"
      xsi:schemaLocation="http://www.loc.gov/mods/v3 http://www.loc.gov/standards/mods/v3/mods-3-5.xsd"
      version="3.5">
   <identifier type="omeka">omeka_006109</identifier>
   <identifier type="local">amh_001</identifier>
   <name authority="naf"
         valueURI="http://id.loc.gov/authorities/names/n84184693">
      <namePart>Ross, Alexander, 1591-1654</namePart>
   </name>
   <name authority="naf"
         valueURI="http://id.loc.gov/authorities/names/n86080587">
      <namePart>Du Ryer, André, approximately 1580-approximately 1660</namePart>
   </name>
   <titleInfo>
      <title>Alcoran of Mahomet</title>
      <partName>Title page</partName>
   </titleInfo>
   <originInfo>
      <place>
         <placeTerm type="text">London</placeTerm>
      </place>
      <publisher>s.n.</publisher>
      <dateCreated>1649</dateCreated>
      <dateCreated encoding="w3cdtf" keyDate="yes">1649</dateCreated>
   </originInfo>
   <typeOfResource>still image</typeOfResource>
   <physicalDescription>
      <form>book</form>
      <extent>18.5 x 13.5 x 3 cm</extent>
      <digitalOrigin>reformatted digital</digitalOrigin>
      <form authority="aat">books</form>
   </physicalDescription>
   <abstract>First English translation of the complete text of the Quran</abstract>
   <language>
      <languageTerm type="code" authority="iso639-2b">eng</languageTerm>
   </language>
   <note>The French source "L’Alcoran de Mahomet" was first published by Antoine de Sommaville in Paris 1647. The translation is accompanied by "The life and death of Mahomet, the prophet of the Turks, and author of the Alcoran". Ross added "A needfull caveat or admonition, for them who desire to know what use may be made of, or if there be danger in reading the Alcoran"</note>
   <note>Images from one of three copies in Burke Library.</note>
   <note>references:
ESTC R200452, R200453, R220382
David Allan, "Ross, Alexander (1591-1654)," in: Oxford Dictionary of National Biography, 2007, available online: http://www.oxforddnb.com/view/article/24110 (accessed 10 June 2011)
Nabil Matar, "A Note on Alexander Ross and the English Translation of the Qurʾān," Journal of Islamic Studies 23/1, 2012, pp. 76-84
Noel Malcolm, "The 1649 English Translation of the Koran: Its Origins and Significance," Journal of the Warburg and Courtauld Institutes 75 (2012), pp. 261-295</note>
   <note>110023002.jpg</note>
   <location>
      <physicalLocation/>
      <url access="object in context" usage="primary display">https://exhibitions.cul.columbia.edu/exhibits/show/quran/bibliography/engtr</url>
      <holdingSimple>
         <copyInformation>
            <shelfLocator>Tower BP109 .D8 1649</shelfLocator>
         </copyInformation>
      </holdingSimple>
   </location>
   <subject authority="lcsh"
            valueURI="http://id.loc.gov/authorities/subjects/sh85068390">
      <topic>Islam</topic>
   </subject>
   <relatedItem type="host" displayLabel="Project">
      <titleInfo>
         <nonSort>The</nonSort>
         <title>Quran in East and West: Manuscripts and Printed Books</title>
      </titleInfo>
      <location>
         <url/>
      </location>
   </relatedItem>
   <recordInfo>
      <recordIdentifier>006109_descMetadata</recordIdentifier>
      <recordContentSource authority="marcorg">NNC</recordContentSource>
      <languageOfCataloging>
         <languageTerm type="code" authority="iso639-2b">eng</languageTerm>
      </languageOfCataloging>
      <recordOrigin>Created and edited in general conformance to MODS Guideline (Version 3).</recordOrigin>
   </recordInfo>
</mods>
