<?xml version="1.0" encoding="UTF-8"?>
<mods xmlns:xlink="http://www.w3.org/1999/xlink"
      xmlns="http://www.loc.gov/mods/v3"
      xmlns:xsi="http://www.w3.org/2001/XMLSchema-instance"
      xmlns:xs="http://www.w3.org/2001/XMLSchema"
      xsi:schemaLocation="http://www.loc.gov/mods/v3 http://www.loc.gov/standards/mods/v3/mods-3-5.xsd"
      version="3.5">
   <identifier type="omeka">omeka_006092</identifier>
   <identifier type="local">amo_001</identifier>
   <name authority="naf"
         valueURI="http://id.loc.gov/authorities/names/n86080587">
      <namePart>Du Ryer, André, approximately 1580-approximately 1660</namePart>
   </name>
   <name authority="naf"
         valueURI="http://id.loc.gov/authorities/names/n84184693">
      <namePart>Ross, Alexander, 1591-1654</namePart>
   </name>
   <titleInfo>
      <title>Alcoran of Mahomet</title>
      <partName>Page 1</partName>
   </titleInfo>
   <originInfo>
      <place>
         <placeTerm type="text">London</placeTerm>
      </place>
      <publisher>s.n.</publisher>
      <dateCreated>1649</dateCreated>
      <dateCreated encoding="w3cdtf" keyDate="yes">1649</dateCreated>
   </originInfo>
   <typeOfResource>still image</typeOfResource>
   <physicalDescription>
      <form>book</form>
      <extent>18.5 x 15 x 3.5 cm</extent>
      <digitalOrigin>reformatted digital</digitalOrigin>
      <form authority="aat">books</form>
   </physicalDescription>
   <abstract>First English translation of the complete text of the Qur'an; One of three copies in Burke Library</abstract>
   <language>
      <languageTerm type="code" authority="iso639-2b">eng</languageTerm>
   </language>
   <note>French source "L’Alcoran de Mahomet" was first published by Antoine de Sommaville in Paris 1647. The complete title reads: "The Alcoran of Mahomet, translated out of Arabique into French, by the Sieur Du Ryer, Lord of Malezair, and resident for the King of France, at Alexandria, and newly Englished, for the satisfaction of all that desire to look into the Turkish vanities'
the translation is accompanied by "The life and death of Mahomet, the prophet of the Turks, and author of the Alcoran". Ross added "A needfull caveat or admonition, for them who desire to know what use may be made of, or if there be danger in reading the Alcoran"</note>
   <note>References:
ESTC R200452, R200453, R220382
David Allan, "Ross, Alexander (1591-1654)," in: Oxford Dictionary of National Biography, 2007, available online: http://www.oxforddnb.com/view/article/24110 (accessed 10 June 2011)
Nabil Matar, "A Note on Alexander Ross and the English Translation of the Qurʾān," Journal of Islamic Studies 23/1, 2012, pp. 76-84
Noel Malcolm, "The 1649 English Translation of the Koran: Its Origins and Significance," Journal of the Warburg and Courtauld Institutes 75 (2012), pp. 261-295</note>
   <note>110023001.jpg</note>
   <location>
      <physicalLocation/>
      <url access="object in context" usage="primary display">https://exhibitions.cul.columbia.edu/exhibits/show/quran/qurans/printed</url>
      <holdingSimple>
         <copyInformation>
            <shelfLocator>1649 M216</shelfLocator>
         </copyInformation>
      </holdingSimple>
   </location>
   <subject authority="lcsh"
            valueURI="http://id.loc.gov/authorities/subjects/sh85068390">
      <topic>Islam</topic>
   </subject>
   <relatedItem type="host" displayLabel="Project">
      <titleInfo>
         <nonSort>The</nonSort>
         <title>Quran in East and West: Manuscripts and Printed Books</title>
      </titleInfo>
      <location>
         <url/>
      </location>
   </relatedItem>
   <relatedItem type="host" displayLabel="Collection">
      <titleInfo>
         <title>McAlpin Collection of British History and Theology</title>
      </titleInfo>
   </relatedItem>
   <recordInfo>
      <recordIdentifier>006092_descMetadata</recordIdentifier>
      <recordContentSource authority="marcorg">NNC</recordContentSource>
      <languageOfCataloging>
         <languageTerm type="code" authority="iso639-2b">eng</languageTerm>
      </languageOfCataloging>
      <recordOrigin>Created and edited in general conformance to MODS Guideline (Version 3).</recordOrigin>
   </recordInfo>
</mods>
