<?xml version="1.0" encoding="UTF-8"?>
<mods xmlns:xlink="http://www.w3.org/1999/xlink"
      xmlns="http://www.loc.gov/mods/v3"
      xmlns:xsi="http://www.w3.org/2001/XMLSchema-instance"
      xmlns:xs="http://www.w3.org/2001/XMLSchema"
      xsi:schemaLocation="http://www.loc.gov/mods/v3 http://www.loc.gov/standards/mods/v3/mods-3-5.xsd"
      version="3.5">
   <identifier type="omeka">omeka_006131</identifier>
   <identifier type="local">atu_021</identifier>
   <name authority="naf"
         valueURI="http://id.loc.gov/authorities/names/n90698375">
      <namePart>Marracci, Luigi, 1612-1700</namePart>
   </name>
   <titleInfo>
      <title>Alcorani textus universus ex correctioribus Arabum exemplaribus summa fide, atque pulcherrimis characteribus descriptus</title>
      <partName>Volume 2, page I</partName>
   </titleInfo>
   <originInfo>
      <place>
         <placeTerm type="text">Padua</placeTerm>
      </place>
      <publisher>Ex typographia seminarii</publisher>
      <dateCreated>1698</dateCreated>
      <dateCreated encoding="w3cdtf" keyDate="yes">1698</dateCreated>
   </originInfo>
   <typeOfResource>still image</typeOfResource>
   <physicalDescription>
      <form>book in 2 vols.</form>
      <extent>36 x 23 cm</extent>
      <digitalOrigin>reformatted digital</digitalOrigin>
      <form authority="aat">books</form>
   </physicalDescription>
   <abstract>Critical edition of the complete Arabic text of the Quran with Latin translation and commentary, introduced by an apologetic essay against Islam</abstract>
   <language>
      <languageTerm type="code" authority="iso639-2b">lat</languageTerm>
   </language>
   <note>The complete title reads: "Alcorani textus universus ex correctioribus Arabum exemplaribus summa fide, atque pulcherrimis characteribus descriptus; eademque fide, ac pari diligentia ex Arabico idiomate in Latinum translatus; appositis unicuique capiti notis, atque refutatione: his omnibus praemissus est Prodromus totum priorem tomum implens." Volume 1 contains Marracci's "Prodomus ad refutationem Alcorani in quo per quatuor praecipuas verae religionis notas Mahumetanae sectae falsitas ostenditur, Christianae religionis veritas comprobatur," which the Sacra Congregatione de Propaganda Fide had published in Rome 1691, and vol. 2 contains the text of the Quran.</note>
   <note>Physical Description of book from which the digital images were taken:
2 vols.
pagination not continuous
original binding</note>
   <note>references:
Schnurrer, pp. 412-414 s.v. 377
E. Denison Ross, “Ludovico Marracci,” Bulletin of the School of Oriental Studies 2/1, 1921, pp. 117–123</note>
   <note type="ownership">Heraldic book plate of Edward Gregory. According to a gutter note dated 14 April 1914, the book came to Burke Library from Alfred Ball.</note>
   <note>110063004.jpg</note>
   <location>
      <physicalLocation/>
      <url access="object in context" usage="primary display">https://exhibitions.cul.columbia.edu/exhibits/show/quran/qurans/printed</url>
      <holdingSimple>
         <copyInformation>
            <shelfLocator>Union Rare OT40 1698</shelfLocator>
         </copyInformation>
      </holdingSimple>
   </location>
   <subject authority="lcsh"
            valueURI="http://id.loc.gov/authorities/subjects/sh85068390">
      <topic>Islam</topic>
   </subject>
   <relatedItem type="host" displayLabel="Project">
      <titleInfo>
         <nonSort>The</nonSort>
         <title>Quran in East and West: Manuscripts and Printed Books</title>
      </titleInfo>
      <location>
         <url/>
      </location>
   </relatedItem>
   <relatedItem type="host" displayLabel="Collection">
      <titleInfo>
         <title>Burke [UTS] Union Rare</title>
      </titleInfo>
   </relatedItem>
   <recordInfo>
      <recordIdentifier>006131_descMetadata</recordIdentifier>
      <recordContentSource authority="marcorg">NNC</recordContentSource>
      <languageOfCataloging>
         <languageTerm type="code" authority="iso639-2b">eng</languageTerm>
      </languageOfCataloging>
      <recordOrigin>Created and edited in general conformance to MODS Guideline (Version 3).</recordOrigin>
   </recordInfo>
</mods>
