<?xml version="1.0" encoding="UTF-8"?>
<mods xmlns:xlink="http://www.w3.org/1999/xlink"
      xmlns="http://www.loc.gov/mods/v3"
      xmlns:xsi="http://www.w3.org/2001/XMLSchema-instance"
      xmlns:xs="http://www.w3.org/2001/XMLSchema"
      xsi:schemaLocation="http://www.loc.gov/mods/v3 http://www.loc.gov/standards/mods/v3/mods-3-5.xsd"
      version="3.5">
   <identifier type="omeka">omeka_006099</identifier>
   <identifier type="local">bsp_163</identifier>
   <name authority="naf"
         valueURI="http://id.loc.gov/authorities/names/n85143069">
      <namePart>Walton, Brian, 1600-1661</namePart>
   </name>
   <titleInfo>
      <title>Biblia Sacra Polyglotta</title>
      <partName>Volume 1, pages 160 to 163</partName>
   </titleInfo>
   <originInfo>
      <place>
         <placeTerm type="text">London</placeTerm>
      </place>
      <publisher>Thomas Roycroft</publisher>
      <dateCreated>1655-1657</dateCreated>
      <dateCreated>1653-1657</dateCreated>
      <dateCreated encoding="w3cdtf" keyDate="yes" point="start">1653</dateCreated>
      <dateCreated encoding="w3cdtf" keyDate="yes" point="end">1657</dateCreated>
   </originInfo>
   <typeOfResource>still image</typeOfResource>
   <physicalDescription>
      <form>book in 6 vols.</form>
      <extent>45.75 x 30 cm</extent>
      <digitalOrigin>reformatted digital</digitalOrigin>
      <form authority="aat">books</form>
   </physicalDescription>
   <abstract>London Polyglot Bible presents the texts of the Old Testament, Apocrypha, and the New Testament in nine languages, including Arabic and Persian</abstract>
   <language>
      <languageTerm type="code" authority="iso639-2b">lat</languageTerm>
   </language>
   <note>Title is in 6 volumes</note>
   <note>References:
ESTC R36583, R36584, R227828
D. S. Margoliouth and Nicholas Keene, "Walton, Brian (1600-1661)," in: Oxford Dictionary of National Biography, 2008, available online: http://www.oxforddnb.com/view/article/28648 (accessed 10 June 2011)
Jacques Lelong, Discours historique sur les principales editions des Bibles polyglottes, Paris, 1713
Peter N. Miller, "Making the Paris Polyglot Bible: Humanism and Orientalism in the Early Seventeenth Century Century," in: Die europäische Gelehrtenrepublik im Zeitalter des Konfessionalismus, ed. H. Jaumann, Wiesbaden 2001, pp. 59-85
Peter N. Miller, "The 'Antiquarianization' of Biblical Scholarship and the London Polyglot Bible (1653-57)," Journal for the History of Ideas 62/3 (2001), pp. 463-482</note>
   <note>Walton_Biblia_sacra_polyglotta_2.jpg</note>
   <note>Walton_Biblia_sacra_polyglotta_1.jpg</note>
   <location>
      <physicalLocation/>
      <url access="object in context" usage="primary display">https://exhibitions.cul.columbia.edu/exhibits/show/quran/bibcrittoworldrel/hebrew</url>
      <holdingSimple>
         <copyInformation>
            <shelfLocator>Union Rare Folio CB12 1655</shelfLocator>
         </copyInformation>
      </holdingSimple>
   </location>
   <subject authority="lcsh"
            valueURI="http://id.loc.gov/authorities/subjects/sh85013718">
      <topic>Bible--Study and teaching</topic>
   </subject>
   <relatedItem type="host" displayLabel="Project">
      <titleInfo>
         <nonSort>The</nonSort>
         <title>Quran in East and West: Manuscripts and Printed Books</title>
      </titleInfo>
      <location>
         <url/>
      </location>
   </relatedItem>
   <recordInfo>
      <recordIdentifier>006099_descMetadata</recordIdentifier>
      <recordContentSource authority="marcorg">NNC</recordContentSource>
      <languageOfCataloging>
         <languageTerm type="code" authority="iso639-2b">eng</languageTerm>
      </languageOfCataloging>
      <recordOrigin>Created and edited in general conformance to MODS Guideline (Version 3).</recordOrigin>
   </recordInfo>
</mods>
