<?xml version="1.0" encoding="UTF-8"?>
<mods xmlns:xlink="http://www.w3.org/1999/xlink"
      xmlns="http://www.loc.gov/mods/v3"
      xmlns:xsi="http://www.w3.org/2001/XMLSchema-instance"
      xmlns:xs="http://www.w3.org/2001/XMLSchema"
      xsi:schemaLocation="http://www.loc.gov/mods/v3 http://www.loc.gov/standards/mods/v3/mods-3-5.xsd"
      version="3.5">
   <identifier type="CLIO">CLIO id: 4561624</identifier>
   <identifier type="local">cta</identifier>
   <titleInfo>
      <title>Corani textus arabicus</title>
   </titleInfo>
   <originInfo>
      <place>
         <placeTerm type="text">Leipzig</placeTerm>
      </place>
      <publisher>Tauchnitz, Karl Christoph Traugott, 1761-1836</publisher>
      <publisher>Tauchnitz, Karl Christian Philipp, 1798-1884</publisher>
      <dateCreated>1841</dateCreated>
      <dateCreated encoding="w3cdtf" keyDate="yes">1841</dateCreated>
   </originInfo>
   <physicalDescription>
      <form>book</form>
      <extent>25.5 x 19.75 x 3.5 cm</extent>
      <form authority="aat">books</form>
   </physicalDescription>
   <abstract>2nd rev. edition of the complete Arabic text of the Quran with Latin preface</abstract>
   <language>
      <languageTerm type="code" authority="iso639-2b">ara</languageTerm>
   </language>
   <note>Physical Description for item from which digital items are taken: Tauchnitz printed the 1st edition (Leipzig 1834) in four different issues, and the 2nd corrected edition is based on the 2nd issue.</note>
   <note>References:
Johann W. Fück, "Flügel, Gustav Leberecht," in: Neue Deutsche Biographie 5, 1961, pp. 260-261, available online: http://www.deutsche-biographie.de/sfz16508.html (accessed 11 June 2011)
Gerd Gropp, "Flügel, Gustav Leberecht," in: Encyclopaedia Iranica 10/1, 1999, pp. 64-65
for stereotype printing and quarto editions issued by the publisher Tauchnitz, see: Gustav Wustmann, "Tauchnitz, Karl,“ in: Allgemeine Deutsche Biographie 37, 1894, pp. 441-443, available online: http://www.deutsche-biographie.de/sfz82194.html (accessed 12 June 2011)
Rijk Smitskamp, "Flügel's Koran Edition," ʿĀlam al-kutub 15 (1410/1994), pp. 533-535</note>
   <location>
      <physicalLocation/>
      <holdingSimple>
         <copyInformation>
            <shelfLocator>OT40 1841</shelfLocator>
         </copyInformation>
      </holdingSimple>
   </location>
   <subject authority="lcsh"
            valueURI="http://id.loc.gov/authorities/subjects/sh85068390">
      <topic>Islam</topic>
   </subject>
   <relatedItem type="host" displayLabel="Project">
      <titleInfo>
         <nonSort>The</nonSort>
         <title>Quran in East and West: Manuscripts and Printed Books</title>
      </titleInfo>
      <location>
         <url/>
      </location>
   </relatedItem>
   <relatedItem type="host" displayLabel="Collection">
      <titleInfo>
         <title>Burke [UTS] Union Rare</title>
      </titleInfo>
   </relatedItem>
   <recordInfo>
      <recordIdentifier>cta_descMetadata</recordIdentifier>
      <recordContentSource authority="marcorg">NNC</recordContentSource>
      <languageOfCataloging>
         <languageTerm type="code" authority="iso639-2b">eng</languageTerm>
      </languageOfCataloging>
      <recordOrigin>Created and edited in general conformance to MODS Guideline (Version 3).</recordOrigin>
   </recordInfo>
</mods>
