<?xml version="1.0" encoding="UTF-8"?>
<mods xmlns:xlink="http://www.w3.org/1999/xlink"
      xmlns="http://www.loc.gov/mods/v3"
      xmlns:xsi="http://www.w3.org/2001/XMLSchema-instance"
      xmlns:xs="http://www.w3.org/2001/XMLSchema"
      xsi:schemaLocation="http://www.loc.gov/mods/v3 http://www.loc.gov/standards/mods/v3/mods-3-5.xsd"
      version="3.5">
   <identifier type="CLIO">CLIO id: 4561625</identifier>
   <identifier type="local">hjp</identifier>
   <name authority="naf"
         valueURI="http://id.loc.gov/authorities/names/n87911019">
      <namePart>Erpenius, Thomas, 1584-1624</namePart>
   </name>
   <name authority="naf"
         valueURI="http://id.loc.gov/authorities/names/n84184693">
      <namePart>Robert, of Ketton, fl. 1141-1157</namePart>
   </name>
   <name authority="naf"
         valueURI="http://id.loc.gov/authorities/names/n84050077">
      <namePart>Hermann, of Carinthia</namePart>
   </name>
   <titleInfo>
      <title>Historia Josephi patriarchae, ex Alcorano, arabicè</title>
   </titleInfo>
   <originInfo>
      <place>
         <placeTerm type="text">Leiden</placeTerm>
      </place>
      <publisher>ex typographia Erpeniana</publisher>
      <dateCreated>1617</dateCreated>
      <dateCreated encoding="w3cdtf" keyDate="yes">1617</dateCreated>
   </originInfo>
   <physicalDescription>
      <form>book</form>
      <extent>20.5 x 10.75 x 1 cm</extent>
      <form authority="aat">books</form>
   </physicalDescription>
   <abstract>The Arabic text of sura 12 (sūrat Yūsuf) with three Latin translations. Surat Yusuf wa-tahajji al-Arab</abstract>
   <language>
      <languageTerm type="code" authority="iso639-2b">lat</languageTerm>
   </language>
   <note>References:
Schnurrer, pp. 31-32 s.v. 52
STCN PPN 059605294
ʻAbd Allāh b. ʻUmar al-Bayḍāwī, Commentary on sūrah 12 of the Qur'ān, tr. and notes by A. F. L. Beeston, Oxford 1963 (Arabic text with English translation)
Mieke Bal, Loving Yusuf: Conceptual Travels from Present to Past, Chicago, Ill. 2008</note>
   <note>Physical description of book from which images were taken: book opens on the right because Arabic script is written from right to left</note>
   <location>
      <physicalLocation/>
      <holdingSimple>
         <copyInformation>
            <shelfLocator>Union Rare  OT41 E71</shelfLocator>
         </copyInformation>
      </holdingSimple>
   </location>
   <subject authority="lcsh"
            valueURI="http://id.loc.gov/authorities/subjects/sh85068390">
      <topic>Islam</topic>
   </subject>
   <subject authority="lcsh"
            valueURI="http://id.loc.gov/authorities/subjects/sh85006345">
      <topic>Arab countries--Study and teaching</topic>
   </subject>
   <relatedItem type="host" displayLabel="Project">
      <titleInfo>
         <nonSort>The</nonSort>
         <title>Quran in East and West: Manuscripts and Printed Books</title>
      </titleInfo>
      <location>
         <url/>
      </location>
   </relatedItem>
   <relatedItem type="host" displayLabel="Collection">
      <titleInfo>
         <title>Burke [UTS] Union Rare</title>
      </titleInfo>
   </relatedItem>
   <recordInfo>
      <recordIdentifier>hjp_descMetadata</recordIdentifier>
      <recordContentSource authority="marcorg">NNC</recordContentSource>
      <languageOfCataloging>
         <languageTerm type="code" authority="iso639-2b">eng</languageTerm>
      </languageOfCataloging>
      <recordOrigin>Created and edited in general conformance to MODS Guideline (Version 3).</recordOrigin>
   </recordInfo>
</mods>
