<?xml version="1.0" encoding="UTF-8"?>
<mods xmlns:xlink="http://www.w3.org/1999/xlink"
      xmlns="http://www.loc.gov/mods/v3"
      xmlns:xsi="http://www.w3.org/2001/XMLSchema-instance"
      xmlns:xs="http://www.w3.org/2001/XMLSchema"
      xsi:schemaLocation="http://www.loc.gov/mods/v3 http://www.loc.gov/standards/mods/v3/mods-3-5.xsd"
      version="3.5">
   <identifier type="omeka">omeka_006105</identifier>
   <identifier type="local">hke_018</identifier>
   <name authority="naf"
         valueURI="http://id.loc.gov/authorities/names/n83180418">
      <namePart>Weil, Gustav, 1808-1889</namePart>
   </name>
   <titleInfo>
      <title>Historisch-kritische Einleitung in den Koran</title>
      <partName>Pages XVIII to XIX</partName>
   </titleInfo>
   <originInfo>
      <place>
         <placeTerm type="text">Bielefeld</placeTerm>
      </place>
      <publisher>Velhagen &amp; Klasing</publisher>
      <dateCreated>1844</dateCreated>
      <dateCreated encoding="w3cdtf" keyDate="yes">1844</dateCreated>
   </originInfo>
   <typeOfResource>still image</typeOfResource>
   <physicalDescription>
      <form>book</form>
      <extent>15 x 10 x 1 cm</extent>
      <digitalOrigin>reformatted digital</digitalOrigin>
      <form authority="aat">books</form>
   </physicalDescription>
   <abstract>Critical introduction to Quran studies</abstract>
   <language>
      <languageTerm type="code" authority="iso639-2b">ger</languageTerm>
   </language>
   <note>Reference: Merx, "Weil, Gustav," in: Allgemeine Deutsche Biographie 41, 1896, pp. 486-488, available online: http://www.deutsche-biographie.de/sfz84819.html (accessed 11 June 2011)</note>
   <note>100177005.jpg</note>
   <location>
      <physicalLocation/>
      <url access="object in context" usage="primary display">https://exhibitions.cul.columbia.edu/exhibits/show/quran/empire/quranstud</url>
      <holdingSimple>
         <copyInformation>
            <shelfLocator>Union Rare OT49 W42</shelfLocator>
         </copyInformation>
      </holdingSimple>
   </location>
   <subject authority="lcsh"
            valueURI="http://id.loc.gov/authorities/subjects/sh85072987">
      <topic>Qurʼan--Study and teaching</topic>
   </subject>
   <relatedItem type="host" displayLabel="Project">
      <titleInfo>
         <nonSort>The</nonSort>
         <title>Quran in East and West: Manuscripts and Printed Books</title>
      </titleInfo>
      <location>
         <url/>
      </location>
   </relatedItem>
   <recordInfo>
      <recordIdentifier>006105_descMetadata</recordIdentifier>
      <recordContentSource authority="marcorg">NNC</recordContentSource>
      <languageOfCataloging>
         <languageTerm type="code" authority="iso639-2b">eng</languageTerm>
      </languageOfCataloging>
      <recordOrigin>Created and edited in general conformance to MODS Guideline (Version 3).</recordOrigin>
   </recordInfo>
</mods>
