<?xml version="1.0" encoding="UTF-8"?>
<mods xmlns:xlink="http://www.w3.org/1999/xlink"
      xmlns="http://www.loc.gov/mods/v3"
      xmlns:xsi="http://www.w3.org/2001/XMLSchema-instance"
      xmlns:xs="http://www.w3.org/2001/XMLSchema"
      xsi:schemaLocation="http://www.loc.gov/mods/v3 http://www.loc.gov/standards/mods/v3/mods-3-5.xsd"
      version="3.5">
   <identifier type="CLIO">CLIO id: 4561630</identifier>
   <identifier type="local">kam</identifier>
   <titleInfo>
      <title>Koran, commonly called the Alcoran of Mohammed</title>
   </titleInfo>
   <originInfo>
      <place>
         <placeTerm type="text">London</placeTerm>
      </place>
      <publisher>J. Wilcox</publisher>
      <dateCreated>1734</dateCreated>
      <dateCreated encoding="w3cdtf" keyDate="yes">1734</dateCreated>
   </originInfo>
   <physicalDescription>
      <form>books</form>
      <extent>26 x 21 x 5.75 cm</extent>
      <form authority="aat">books</form>
   </physicalDescription>
   <abstract>The first English translation of the complete Quran from the Arabic text with an English commentary</abstract>
   <language>
      <languageTerm type="code" authority="iso639-2b">eng</languageTerm>
   </language>
   <note>Physical description of book from which images were taken: the unidentified French engraving used as frontispiece in a copy in the Houghton Library (f EC7.Sa324.733ka) was added by one of its previous owners
the "Preliminary Discourse" is illustrated with 5 plates, two of which are maps</note>
   <note>References:
ESTC T146975
Arnoud Vrolijk, "Sale, George (b. in or after 1696, d. 1736)," in: Oxford Dictionary of National Biography, 2010, available online: http://www.oxforddnb.com/view/article/24529 (accessed 10 June 2011)</note>
   <location>
      <physicalLocation/>
      <holdingSimple>
         <copyInformation>
            <shelfLocator>Union Rare OT43 S16 1734</shelfLocator>
         </copyInformation>
      </holdingSimple>
   </location>
   <subject authority="lcsh"
            valueURI="http://id.loc.gov/authorities/subjects/sh85068390">
      <topic>Islam</topic>
   </subject>
   <relatedItem type="host" displayLabel="Project">
      <titleInfo>
         <nonSort>The</nonSort>
         <title>Quran in East and West: Manuscripts and Printed Books</title>
      </titleInfo>
      <location>
         <url/>
      </location>
   </relatedItem>
   <recordInfo>
      <recordIdentifier>kam_descMetadata</recordIdentifier>
      <recordContentSource authority="marcorg">NNC</recordContentSource>
      <languageOfCataloging>
         <languageTerm type="code" authority="iso639-2b">eng</languageTerm>
      </languageOfCataloging>
      <recordOrigin>Created and edited in general conformance to MODS Guideline (Version 3).</recordOrigin>
   </recordInfo>
</mods>
