<?xml version="1.0" encoding="UTF-8"?>
<mods xmlns:xlink="http://www.w3.org/1999/xlink"
      xmlns="http://www.loc.gov/mods/v3"
      xmlns:xsi="http://www.w3.org/2001/XMLSchema-instance"
      xmlns:xs="http://www.w3.org/2001/XMLSchema"
      xsi:schemaLocation="http://www.loc.gov/mods/v3 http://www.loc.gov/standards/mods/v3/mods-3-5.xsd"
      version="3.5">
   <identifier type="CLIO">CLIO id: 4561626</identifier>
   <identifier type="local">msp</identifier>
   <name authority="naf"
         valueURI="http://id.loc.gov/authorities/names/n84184693">
      <namePart>Robert, of Ketton, fl. 1141-1157</namePart>
   </name>
   <name authority="naf"
         valueURI="http://id.loc.gov/authorities/names/n91002076">
      <namePart>Bibliander, Theodorus, approximately 1504-1564</namePart>
   </name>
   <name authority="naf"
         valueURI="http://id.loc.gov/authorities/names/n84050077">
      <namePart>Hermann, of Carinthia</namePart>
   </name>
   <titleInfo>
      <title>Machumetis, Saracenorum principis, eiuśque successorum uitae, doctrina, ac ipse Alcoran</title>
   </titleInfo>
   <originInfo>
      <place>
         <placeTerm type="text">Basle</placeTerm>
      </place>
      <publisher>Oporinus, Joannes, 1507-1568</publisher>
      <dateCreated>1550</dateCreated>
      <dateCreated encoding="w3cdtf" keyDate="yes">1550</dateCreated>
   </originInfo>
   <physicalDescription>
      <form>book</form>
      <extent>30 x 21.25 x 5.75 cm</extent>
      <form authority="aat">books</form>
   </physicalDescription>
   <abstract>2nd edition of the revised version of the twelfth-century Latin Quran translation, accompanied by Latin translations of Islamic theological literature</abstract>
   <language>
      <languageTerm type="code" authority="iso639-2b">lat</languageTerm>
   </language>
   <note>In 1543 Oporinus printed the 1st edition of which at least 6 different versions are known (cf. Hartmut Bobzin, "Zur Anzahl der Drucke von Biblianders Koranausgabe im Jahr 1543," Basler Zeitschrift für Geschichte und Altertumskunde 85, 1985, pp. 213-219). In the same year, Oporinus also printed "De humani corporis fabrica  libri VII" by Andreas Vesalius</note>
   <note>References:
VD16 K 2586
Kurt Guggisberg, "Bibliander, Theodor," in: Neue Deutsche Biographie 2, 1955, p. 215, available online: http://www.deutsche-biographie.de/sfz4368.html (accessed 11 June 2011)
Theodorus Bibliander, Le Coran à la Renaissance: Plaidoyer pour une traduction, tr. and notes by Henri Lamarque, Toulouse 2007
Charles Burnett, "Ketton, Robert of (fl. 1141-1157)," in: Oxford Dictionary of National Biography, 2004, available online: http://www.oxforddnb.com/view/article/24529 (accessed 11 June 2011)
Hans Jürgen Rieckenberg, "Hermann von Kärnten,“ in: Neue Deutsche Biographie 8, 1969, pp. 646-647, available online: http://www.deutsche-biographie.de/sfz30113.html (accessed 11 June 2011)</note>
   <location>
      <physicalLocation/>
      <holdingSimple>
         <copyInformation>
            <shelfLocator>Union Rare Folio OT41 P49 1550</shelfLocator>
         </copyInformation>
      </holdingSimple>
   </location>
   <subject authority="lcsh"
            valueURI="http://id.loc.gov/authorities/subjects/sh85068390">
      <topic>Islam</topic>
   </subject>
   <subject>
      <name>
         <namePart>Toledan Collection</namePart>
      </name>
   </subject>
   <relatedItem type="host" displayLabel="Project">
      <titleInfo>
         <nonSort>The</nonSort>
         <title>Quran in East and West: Manuscripts and Printed Books</title>
      </titleInfo>
      <location>
         <url/>
      </location>
   </relatedItem>
   <relatedItem type="host" displayLabel="Collection">
      <titleInfo>
         <title>Burke [UTS] Union Rare</title>
      </titleInfo>
   </relatedItem>
   <recordInfo>
      <recordIdentifier>msp_descMetadata</recordIdentifier>
      <recordContentSource authority="marcorg">NNC</recordContentSource>
      <languageOfCataloging>
         <languageTerm type="code" authority="iso639-2b">eng</languageTerm>
      </languageOfCataloging>
      <recordOrigin>Created and edited in general conformance to MODS Guideline (Version 3).</recordOrigin>
   </recordInfo>
</mods>
