<?xml version="1.0" encoding="UTF-8"?>
<mods xmlns:xlink="http://www.w3.org/1999/xlink"
      xmlns="http://www.loc.gov/mods/v3"
      xmlns:xsi="http://www.w3.org/2001/XMLSchema-instance"
      xmlns:xs="http://www.w3.org/2001/XMLSchema"
      xsi:schemaLocation="http://www.loc.gov/mods/v3 http://www.loc.gov/standards/mods/v3/mods-3-5.xsd"
      version="3.5">
   <identifier type="CLIO">CLIO id: 4488501</identifier>
   <identifier type="local">qub</identifier>
   <titleInfo>
      <title>Quran</title>
   </titleInfo>
   <originInfo>
      <place>
         <placeTerm type="text" valueURI="http://id.loc.gov/authorities/names/n80070818">Ottoman Empire</placeTerm>
      </place>
      <dateCreated>1761 to 1762 (1175 HIJRA)</dateCreated>
      <dateCreated encoding="w3cdtf" keyDate="yes" point="start">1761</dateCreated>
      <dateCreated encoding="w3cdtf" keyDate="yes" point="end">1762</dateCreated>
   </originInfo>
   <physicalDescription>
      <form>book</form>
      <extent>19.25 x 14 x 4.5 cm</extent>
      <form authority="lcsh">manuscripts</form>
   </physicalDescription>
   <abstract>Complete copy of the Quran. In this eighteenth century Ottoman manuscript the text distribution of the beginning follows the model discussed above for the Quran with a Persian interlinear translation: sura 1 on the right page and the first verses of sura 2 on the left page.</abstract>
   <note>M. Krek, "Islamic Manuscripts in North American Libraries: Part 5 - Union Theological Seminary Library," MELA Notes, no. 36 (Fall 1985), p. 4 s.v. 1</note>
   <language>
      <languageTerm type="code" authority="iso639-2b">ara</languageTerm>
   </language>
   <note>The scribe names himself in the dated colophon that follows the concluding prayer. There are no marginal notes, neither seal impressions nor ownership notes, and the cut-off date 1830-1831 (1246 HIJRA)  for the binding is provided by a note on the flyfleaves at the end.</note>
   <note>Physical Description for item from which digital images are taken:
2 endpapers
6 flyleaves: 3 at the beginning and 3 at the end
neither foliation nor pagination
the Quran is written on laid paper with visible regular chainlines, but the flyleaves are machine-made wove paper
19 x 13 cm
rubrication
illumination
green cloth binding with envelope flap</note>
   <note type="ownership">According to note on a piece of paper, found by M. Krek in 1983 in the manuscript, presented to the Missionary Research Library (MRL) by Rev. W. S. Nelson, D.D., of Tripoli, Syria, on 27 May 1930. William Shedd Nelson and his wife were members of the American Presbyterian Mission.</note>
   <location>
      <physicalLocation/>
      <holdingSimple>
         <copyInformation>
            <shelfLocator>Burke Arabic MS 4</shelfLocator>
         </copyInformation>
      </holdingSimple>
   </location>
   <subject authority="lcsh"
            valueURI="http://id.loc.gov/authorities/subjects/sh85068390">
      <topic>Islam</topic>
   </subject>
   <relatedItem type="host" displayLabel="Project">
      <titleInfo>
         <nonSort>The</nonSort>
         <title>Quran in East and West: Manuscripts and Printed Books</title>
      </titleInfo>
      <location>
         <url/>
      </location>
   </relatedItem>
   <relatedItem type="host" displayLabel="Collection">
      <titleInfo>
         <title>Arabic manuscripts collection</title>
      </titleInfo>
   </relatedItem>
   <recordInfo>
      <recordIdentifier>qub_descMetadata</recordIdentifier>
      <recordContentSource authority="marcorg">NNC</recordContentSource>
      <languageOfCataloging>
         <languageTerm type="code" authority="iso639-2b">eng</languageTerm>
      </languageOfCataloging>
      <recordOrigin>Created and edited in general conformance to MODS Guideline (Version 3).</recordOrigin>
   </recordInfo>
</mods>
