<?xml version="1.0" encoding="UTF-8"?>
<mods xmlns:xlink="http://www.w3.org/1999/xlink"
      xmlns="http://www.loc.gov/mods/v3"
      xmlns:xsi="http://www.w3.org/2001/XMLSchema-instance"
      xmlns:xs="http://www.w3.org/2001/XMLSchema"
      xsi:schemaLocation="http://www.loc.gov/mods/v3 http://www.loc.gov/standards/mods/v3/mods-3-5.xsd"
      version="3.5">
   <identifier type="CLIO">CLIO id: 4488501</identifier>
   <identifier type="local">quc</identifier>
   <titleInfo>
      <title>Quran</title>
   </titleInfo>
   <originInfo>
      <place>
         <placeTerm type="text" valueURI="http://id.loc.gov/authorities/names/n80125948">India</placeTerm>
      </place>
      <dateCreated>undated (between 1600 and 1800)</dateCreated>
      <dateCreated encoding="w3cdtf"
                   keyDate="yes"
                   point="start"
                   qualifier="inferred">1600</dateCreated>
      <dateCreated encoding="w3cdtf" keyDate="yes" point="end">1800</dateCreated>
   </originInfo>
   <physicalDescription>
      <form>book</form>
      <extent>22.75 x 14.75 x 5 cm</extent>
      <form authority="lcsh">manuscripts</form>
   </physicalDescription>
   <abstract>Complete copy of the Quran</abstract>
   <note>M. Krek, "Islamic Manuscripts in North American Libraries: Part 5 - Union Theological Seminary Library," MELA Notes, no. 36 (Fall 1985), p. 4 s.v. 3</note>
   <language>
      <languageTerm type="code" authority="iso639-2b">ara</languageTerm>
   </language>
   <note>No colophon; marginal notes in Persian; illegible impression of square seal; the later added pages contain four chapters of a Persian theological treatise, a prayer, and a chart.</note>
   <note>Physical Description for item from which digital images are taken:
2 endpapers
413 fols. with pencilled foliation in western numerals
fol. 405 was counted twice
fols. 2-405i constitute the original Quran manuscript
gatherings of 4 bifolia, but the first two gatherings (fols. 1-11) are irregular
fols. 2-405i are thin transparent laid paper without visible chainlines, while fols. 1 and 405ii-413 are different laid papers with visible regular chainlines
22.2 x 13.4 cm, but the textblock was cropped for the binding
rubrication
illumination
detached leather binding with flap</note>
   <location>
      <physicalLocation/>
      <holdingSimple>
         <copyInformation>
            <shelfLocator>Burke Arabic MS 2</shelfLocator>
         </copyInformation>
      </holdingSimple>
   </location>
   <subject authority="lcsh"
            valueURI="http://id.loc.gov/authorities/subjects/sh85068390">
      <topic>Islam</topic>
   </subject>
   <relatedItem type="host" displayLabel="Project">
      <titleInfo>
         <nonSort>The</nonSort>
         <title>Quran in East and West: Manuscripts and Printed Books</title>
      </titleInfo>
      <location>
         <url/>
      </location>
   </relatedItem>
   <relatedItem type="host" displayLabel="Collection">
      <titleInfo>
         <title>Arabic manuscripts collection</title>
      </titleInfo>
   </relatedItem>
   <recordInfo>
      <recordIdentifier>quc_descMetadata</recordIdentifier>
      <recordContentSource authority="marcorg">NNC</recordContentSource>
      <languageOfCataloging>
         <languageTerm type="code" authority="iso639-2b">eng</languageTerm>
      </languageOfCataloging>
      <recordOrigin>Created and edited in general conformance to MODS Guideline (Version 3).</recordOrigin>
   </recordInfo>
</mods>
