<?xml version="1.0" encoding="UTF-8"?>
<mods xmlns:xlink="http://www.w3.org/1999/xlink"
      xmlns="http://www.loc.gov/mods/v3"
      xmlns:xsi="http://www.w3.org/2001/XMLSchema-instance"
      xmlns:xs="http://www.w3.org/2001/XMLSchema"
      xsi:schemaLocation="http://www.loc.gov/mods/v3 http://www.loc.gov/standards/mods/v3/mods-3-5.xsd"
      version="3.5">
   <identifier type="CLIO">CLIO id: 4488501</identifier>
   <identifier type="local">qud</identifier>
   <titleInfo>
      <title>Quran</title>
   </titleInfo>
   <originInfo>
      <place>
         <placeTerm type="text">Iraq or Iran</placeTerm>
      </place>
      <dateCreated>undated (before 1300)</dateCreated>
      <dateCreated encoding="w3cdtf"
                   keyDate="yes"
                   point="start"
                   qualifier="inferred">1000</dateCreated>
      <dateCreated encoding="w3cdtf" keyDate="yes" point="end">1300</dateCreated>
   </originInfo>
   <physicalDescription>
      <form>manuscripts</form>
      <extent>13.75 x 10 x 3 cm</extent>
      <form authority="lcsh">manuscripts</form>
   </physicalDescription>
   <abstract>Complete copy of the Quran, oldest copy in Burke Library</abstract>
   <note>M. Krek, "Islamic Manuscripts in North American Libraries: Part 5 - Union Theological Seminary Library," MELA Notes, no. 36 (Fall 1985), p. 5 s.v. 5</note>
   <language>
      <languageTerm type="code" authority="iso639-2b">ara</languageTerm>
   </language>
   <note>Since the finispiece directly follows the last sura, information about workshop or patron might have been stated in the missing opening folios. There are marginal notes in Arabic; impressions of 2 different seals; dated ownership notes from the first half of the 19th century.</note>
   <note>Physical Description for item from which digital images are taken: 
2 endpapers
116 fols. with pencilled foliation in western numerals
the endpapers and fol. [1] are later replacements
gatherings of 3 and 4 bifolia alternate in no recognizable order, but the first gathering of 3 bifolia is missing 2 folios
fols. 2-116 are thick brownish laid paper without visible chainlines, while fol. 1 and the endpapers are different laid papers with visible regular chainlines
13.5 x 9 cm, but the textblock was cropped for the binding
rubrication
illumination
blind-tooled leather binding with flap that is not contemporary with the textblock</note>
   <note>Reference: For Qurans of similar size and illumination and with the same text distribution at the beginning, cf. two manuscripts in the Nasser D. Khalili Collection of Islamic Art in: David James, The Master Scribes: Qurʾans of the 10th to 14th Centuries AD, London 1992, pp. 24-29 s.v. 1-2</note>
   <location>
      <physicalLocation/>
      <holdingSimple>
         <copyInformation>
            <shelfLocator>Burke Arabic MS 1</shelfLocator>
         </copyInformation>
      </holdingSimple>
   </location>
   <subject authority="lcsh"
            valueURI="http://id.loc.gov/authorities/subjects/sh85068390">
      <topic>Islam</topic>
   </subject>
   <relatedItem type="host" displayLabel="Project">
      <titleInfo>
         <nonSort>The</nonSort>
         <title>Quran in East and West: Manuscripts and Printed Books</title>
      </titleInfo>
      <location>
         <url/>
      </location>
   </relatedItem>
   <relatedItem type="host" displayLabel="Collection">
      <titleInfo>
         <title>Arabic manuscripts collection</title>
      </titleInfo>
   </relatedItem>
   <recordInfo>
      <recordIdentifier>qud_descMetadata</recordIdentifier>
      <recordContentSource authority="marcorg">NNC</recordContentSource>
      <languageOfCataloging>
         <languageTerm type="code" authority="iso639-2b">eng</languageTerm>
      </languageOfCataloging>
      <recordOrigin>Created and edited in general conformance to MODS Guideline (Version 3).</recordOrigin>
   </recordInfo>
</mods>
