<?xml version="1.0" encoding="UTF-8"?>
<mods xmlns:xlink="http://www.w3.org/1999/xlink"
      xmlns="http://www.loc.gov/mods/v3"
      xmlns:xsi="http://www.w3.org/2001/XMLSchema-instance"
      xmlns:xs="http://www.w3.org/2001/XMLSchema"
      xsi:schemaLocation="http://www.loc.gov/mods/v3 http://www.loc.gov/standards/mods/v3/mods-3-5.xsd"
      version="3.5">
   <identifier type="omeka">omeka_006095</identifier>
   <identifier type="local">qun_002</identifier>
   <titleInfo>
      <title>Quran</title>
      <partName>Cover, inside front cover note, 310, 311 and verso, 312 verso</partName>
   </titleInfo>
   <originInfo>
      <place>
         <placeTerm type="text">Anatolia or Syria</placeTerm>
      </place>
      <dateCreated>undated (between 1600-1800)</dateCreated>
      <dateCreated encoding="w3cdtf"
                   keyDate="yes"
                   point="start"
                   qualifier="inferred">1600</dateCreated>
      <dateCreated encoding="w3cdtf" keyDate="yes" point="end">1800</dateCreated>
   </originInfo>
   <typeOfResource>still image</typeOfResource>
   <physicalDescription>
      <form>book with envelope binding</form>
      <extent>27 x 18 x 5.5 cm (textblock)
27 x 18 cm (board) and 27 x 56 cm (complete binding)</extent>
      <digitalOrigin>reformatted digital</digitalOrigin>
      <form authority="lcsh">manuscripts</form>
   </physicalDescription>
   <abstract>Complete copy of the Quran</abstract>
   <language>
      <languageTerm type="code" authority="iso639-2b">ara</languageTerm>
   </language>
   <note>There is no colophon; marginal notes in Arabic; a single marginal note in Latin on folio 28b; no seal impression or ownership note; a page pasted into the cover has two English ownership notes from the second half of the 19th century.</note>
   <note>Physical Description of Qu'ran from which digital images were taken: 
stump of a removed endpaper is visible only at the end of the textblock
335 fols. with pencilled foliation in western numerals
18 fols. are later replacements: fols. 1-10, 242, 310, 323, and 331-335
manuscript is too tightly bound to determine the gatherings
the original manuscript is written on thick laid paper with visible regular chainlines
the replacement leaves look very similar, but they are much thinner
25 x 16.5-18 cm, because the replacement leaves vary in width
functional rubrication that is missing on the replacement leaves
blind-tooled leather binding with flap</note>
   <note>Reference: For rubricated sura headings and the absence of text frames as features that point toward Syria, cf. a 17th century Quran in the Nasser D. Khalili Collection of Islamic Art in: Manijeh Bayani et al., The Decorated Word: Qurʾans of the 17th to 19th Centuries, London 1999, pp. 57-59 s.v. 14</note>
   <note>M. Krek, "Islamic Manuscripts in North American Libraries: Part 5 - Union Theological Seminary Library," MELA Notes, no. 36 (Fall 1985), p. 5 s.v. 4</note>
   <note type="ownership">Purchased in May 1883 from the nephew of the American missionary Tillman C. Howbridge for the library of Union Theological Seminary</note>
   <note>1a3c3ee2e0b940e0abfa4b6d50fb43b8.jpg</note>
   <note>6ec7a5f57fd893aa5f12ce9d67686407.jpg</note>
   <note>d0fe2295662bd6fa5a1430faad60e558.jpg</note>
   <note>1e2037521865c08403bdde28709ead66.jpg</note>
   <note>0e1047269b4cf81cf456de8b4f619753.jpg</note>
   <note>Burke Arabic MS 3 flap.jpg</note>
   <note>Burke Arabic MS 3 board.jpg</note>
   <note>Burke Arabic MS 3 letter new.jpg</note>
   <location>
      <physicalLocation/>
      <url access="object in context" usage="primary display">https://exhibitions.cul.columbia.edu/exhibits/show/quran/qurans/mss</url>
      <holdingSimple>
         <copyInformation>
            <shelfLocator>Burke Arabic MS 3</shelfLocator>
         </copyInformation>
      </holdingSimple>
   </location>
   <subject authority="lcsh"
            valueURI="http://id.loc.gov/authorities/subjects/sh85068390">
      <topic>Islam</topic>
   </subject>
   <relatedItem type="host" displayLabel="Project">
      <titleInfo>
         <nonSort>The</nonSort>
         <title>Quran in East and West: Manuscripts and Printed Books</title>
      </titleInfo>
      <location>
         <url/>
      </location>
   </relatedItem>
   <relatedItem type="host" displayLabel="Collection">
      <titleInfo>
         <title>Arabic manuscripts collection</title>
      </titleInfo>
   </relatedItem>
   <recordInfo>
      <recordIdentifier>006095_descMetadata</recordIdentifier>
      <recordContentSource authority="marcorg">NNC</recordContentSource>
      <languageOfCataloging>
         <languageTerm type="code" authority="iso639-2b">eng</languageTerm>
      </languageOfCataloging>
      <recordOrigin>Created and edited in general conformance to MODS Guideline (Version 3).</recordOrigin>
   </recordInfo>
</mods>
