<?xml version="1.0" encoding="UTF-8"?>
<mods xmlns:xlink="http://www.w3.org/1999/xlink"
      xmlns="http://www.loc.gov/mods/v3"
      xmlns:xsi="http://www.w3.org/2001/XMLSchema-instance"
      xmlns:xs="http://www.w3.org/2001/XMLSchema"
      xsi:schemaLocation="http://www.loc.gov/mods/v3 http://www.loc.gov/standards/mods/v3/mods-3-5.xsd"
      version="3.5">
   <identifier type="omeka">omeka_006169</identifier>
   <identifier type="local">qur_001</identifier>
   <name>
      <namePart>Howbridge, Tillman C.</namePart>
   </name>
   <titleInfo>
      <title>Qur'an</title>
      <partName>Cover, inside front cover note</partName>
   </titleInfo>
   <originInfo>
      <place>
         <placeTerm type="text" valueURI="http://id.loc.gov/authorities/names/n82089311">Constantinople</placeTerm>
      </place>
      <dateCreated>manuscript note - 9 June 1868, manuscript - between 1600 and 1800</dateCreated>
      <dateCreated encoding="w3cdtf" keyDate="yes">1868-06-09</dateCreated>
   </originInfo>
   <typeOfResource>still image</typeOfResource>
   <physicalDescription>
      <form>book with envelope binding</form>
      <extent>piece of paper pasted into the cover of Burke Arabic MS 3</extent>
      <extent>27 x 18 cm (board)</extent>
      <digitalOrigin>reformatted digital</digitalOrigin>
      <form authority="lcsh">manuscripts</form>
   </physicalDescription>
   <abstract>Contains information on Qur'an circulation: Information about the previous owner and the approximate age of Qur'an manuscript.</abstract>
   <language>
      <languageTerm type="code" authority="iso639-2b">eng</languageTerm>
   </language>
   <note>The note is dated 9 June 1868, and was written by Tillman C. Howbridge, an American missionary, in Istanbul. Howbridge recorded that he had received this Quran manuscript from his Turkish teacher Arif Bey, when he was living in Erzurum, in eastern Anatolia while Howbridge's Turkish teacher could not give him an approximate date for the manuscript, a Turkish acquaintance told him in Istanbul that the manuscript was about 300 years old</note>
   <note>unpublished</note>
   <note type="ownership">In the bottom right corner, there is a second note, dated 20 May 1883 and stating that Howbridge's nephew - his name is illegible - sold the Quran manuscript to the library of Union Theological Seminary</note>
   <note>6f0e316f57c9ebacb62860fe8322135f.jpg</note>
   <location>
      <physicalLocation/>
      <url access="object in context" usage="primary display">https://exhibitions.cul.columbia.edu/exhibits/show/quran/circulation/gift</url>
      <holdingSimple>
         <copyInformation>
            <shelfLocator>Burke Arabic MS 3</shelfLocator>
         </copyInformation>
      </holdingSimple>
   </location>
   <subject authority="lcsh"
            valueURI="http://id.loc.gov/authorities/subjects/sh85072980">
      <topic>Qurʼan--Publication and distribution</topic>
   </subject>
   <relatedItem type="host" displayLabel="Project">
      <titleInfo>
         <nonSort>The</nonSort>
         <title>Quran in East and West: Manuscripts and Printed Books</title>
      </titleInfo>
      <location>
         <url/>
      </location>
   </relatedItem>
   <relatedItem type="host" displayLabel="Collection">
      <titleInfo>
         <title>Arabic manuscripts collection</title>
      </titleInfo>
   </relatedItem>
   <recordInfo>
      <recordIdentifier>006169_descMetadata</recordIdentifier>
      <recordContentSource authority="marcorg">NNC</recordContentSource>
      <languageOfCataloging>
         <languageTerm type="code" authority="iso639-2b">eng</languageTerm>
      </languageOfCataloging>
      <recordOrigin>Created and edited in general conformance to MODS Guideline (Version 3).</recordOrigin>
   </recordInfo>
</mods>
