<?xml version="1.0" encoding="UTF-8"?>
<mods xmlns:xlink="http://www.w3.org/1999/xlink"
      xmlns="http://www.loc.gov/mods/v3"
      xmlns:xsi="http://www.w3.org/2001/XMLSchema-instance"
      xmlns:xs="http://www.w3.org/2001/XMLSchema"
      xsi:schemaLocation="http://www.loc.gov/mods/v3 http://www.loc.gov/standards/mods/v3/mods-3-5.xsd"
      version="3.5">
   <identifier type="CLIO">CLIO id: 4488501</identifier>
   <identifier type="local">quu</identifier>
   <titleInfo>
      <title>Quran</title>
   </titleInfo>
   <originInfo>
      <place>
         <placeTerm type="text" valueURI="http://id.loc.gov/authorities/names/n80070818">Ottoman Empire</placeTerm>
      </place>
      <dateCreated>1849 to 1850 (1266 HIJRA)</dateCreated>
      <dateCreated encoding="w3cdtf" keyDate="yes" point="start">1849</dateCreated>
      <dateCreated encoding="w3cdtf" keyDate="yes" point="end">1850</dateCreated>
   </originInfo>
   <physicalDescription>
      <form>book with envelope binding</form>
      <extent>18 x 12 x 3 cm (textblock)
18 x 12 cm (board) and 18 x 35 cm (complete binding)</extent>
      <form authority="lcsh">manuscripts</form>
   </physicalDescription>
   <abstract>Incomplete copy of the Quran that begins with verse 2:17</abstract>
   <note>M. Krek, "Islamic Manuscripts in North American Libraries: Part 5 - Union Theological Seminary Library," MELA Notes, no. 36 (Fall 1985), p. 4 s.v. 2</note>
   <language>
      <languageTerm type="code" authority="iso639-2b">ara</languageTerm>
   </language>
   <note>The scribe names himself in the dated colophon. There are no marginal notes and neither seal impressions nor ownership notes</note>
   <note>Physical Description of item from which images are taken: no endpapers
3 detached flyleaves: 1 at the beginning and 2 at the end
301 fols. with pencilled foliation in western numerals
at least 2 fols. of the original textblock are missing at the beginning (that is: verses 1:1 - 2:16)
manuscript is too tightly bound to determine the gatherings
machine-made wove paper
17.8 x 11.8 cm
rubrication
illumination
blind-tooled and gilt-painted leather binding with flap that is contemporary with the textblock</note>
   <note>Reference: Christopher de Hamel, Cutting up Manuscripts for Pleasure and Profit, Charlottesville, Va. 2000</note>
   <location>
      <physicalLocation/>
      <holdingSimple>
         <copyInformation>
            <shelfLocator>Burke Arabic MS 5</shelfLocator>
         </copyInformation>
      </holdingSimple>
   </location>
   <subject authority="lcsh"
            valueURI="http://id.loc.gov/authorities/subjects/sh85068390">
      <topic>Islam</topic>
   </subject>
   <relatedItem type="host" displayLabel="Project">
      <titleInfo>
         <nonSort>The</nonSort>
         <title>Quran in East and West: Manuscripts and Printed Books</title>
      </titleInfo>
      <location>
         <url/>
      </location>
   </relatedItem>
   <relatedItem type="host" displayLabel="Collection">
      <titleInfo>
         <title>Arabic manuscripts collection</title>
      </titleInfo>
   </relatedItem>
   <recordInfo>
      <recordIdentifier>quu_descMetadata</recordIdentifier>
      <recordContentSource authority="marcorg">NNC</recordContentSource>
      <languageOfCataloging>
         <languageTerm type="code" authority="iso639-2b">eng</languageTerm>
      </languageOfCataloging>
      <recordOrigin>Created and edited in general conformance to MODS Guideline (Version 3).</recordOrigin>
   </recordInfo>
</mods>
