<?xml version="1.0" encoding="UTF-8"?>
<mods xmlns:xlink="http://www.w3.org/1999/xlink"
      xmlns="http://www.loc.gov/mods/v3"
      xmlns:xsi="http://www.w3.org/2001/XMLSchema-instance"
      xmlns:xs="http://www.w3.org/2001/XMLSchema"
      xsi:schemaLocation="http://www.loc.gov/mods/v3 http://www.loc.gov/standards/mods/v3/mods-3-5.xsd"
      version="3.5">
   <identifier type="omeka">omeka_006162</identifier>
   <identifier type="local">qux_002</identifier>
   <titleInfo>
      <title>Qur'an</title>
      <partName>Two pages, cover</partName>
   </titleInfo>
   <originInfo>
      <place>
         <placeTerm type="text" valueURI="http://id.loc.gov/authorities/names/n79039880">Iran</placeTerm>
      </place>
      <dateCreated>undated (between 1850 and 1899)</dateCreated>
      <dateCreated encoding="w3cdtf"
                   keyDate="yes"
                   point="start"
                   qualifier="inferred">1850</dateCreated>
      <dateCreated encoding="w3cdtf" keyDate="yes" point="end">1899</dateCreated>
   </originInfo>
   <typeOfResource>still image</typeOfResource>
   <physicalDescription>
      <form>printed book with envelope binding</form>
      <extent>lithograph</extent>
      <extent>brittle machine-made wove paper</extent>
      <extent>19 x 12 cm (textblock)
19 x 12 cm (board) and 19 x 35 cm (complete binding)</extent>
      <digitalOrigin>reformatted digital</digitalOrigin>
      <form authority="aat">books</form>
   </physicalDescription>
   <abstract>Images from complete copy of the Quran</abstract>
   <language>
      <languageTerm type="code" authority="iso639-2b">ara</languageTerm>
   </language>
   <note>Neither seal impressions nor ownership notes the crowns in the Occidentalist design of the binding seem to reflect the Qajar interest in the regal symbols of the mythical Kayanid dynasty.</note>
   <note>Physical Description of the item from which the digital images were taken: 
the copy seems complete, and has neither title page nor colophon
the blind-tooled leather binding is contemporary with the textblock</note>
   <note>Reference: Stephen Vernoit, Occidentalism: Islamic Art in the 19th Century, London 1997</note>
   <note>unpublished</note>
   <note type="ownership">Presented to the library of Union Theological Seminary by the children of Henry Preserved Smith (1847-1927)
the UTS library stamp is dated 20 February 1935. Smith was a clergyman and influential biblical scholar who from 1913 until 1925 served as the Librarian of Union Theological Seminary; cf. John L. Farthing, "Smith, Henry Preserved," in: American National Biography Online, Feb. 2000.</note>
   <note>4a69a144f525d6bc8163f8533002714a.jpg</note>
   <note>Burke lithographed Quran binding.jpg</note>
   <note>Burke lithographed Quran board.jpg</note>
   <location>
      <physicalLocation/>
      <url access="object in context" usage="primary display">https://exhibitions.cul.columbia.edu/exhibits/show/quran/qurans/printed</url>
      <holdingSimple>
         <copyInformation>
            <shelfLocator>OT40 1800+</shelfLocator>
         </copyInformation>
      </holdingSimple>
   </location>
   <subject authority="lcsh"
            valueURI="http://id.loc.gov/authorities/subjects/sh85068390">
      <topic>Islam</topic>
   </subject>
   <relatedItem type="host" displayLabel="Project">
      <titleInfo>
         <nonSort>The</nonSort>
         <title>Quran in East and West: Manuscripts and Printed Books</title>
      </titleInfo>
      <location>
         <url/>
      </location>
   </relatedItem>
   <relatedItem type="host" displayLabel="Collection">
      <titleInfo>
         <title>Burke [UTS] Union Rare</title>
      </titleInfo>
   </relatedItem>
   <recordInfo>
      <recordIdentifier>006162_descMetadata</recordIdentifier>
      <recordContentSource authority="marcorg">NNC</recordContentSource>
      <languageOfCataloging>
         <languageTerm type="code" authority="iso639-2b">eng</languageTerm>
      </languageOfCataloging>
      <recordOrigin>Created and edited in general conformance to MODS Guideline (Version 3).</recordOrigin>
   </recordInfo>
</mods>
