<?xml version="1.0" encoding="UTF-8"?>
<mods xmlns:xlink="http://www.w3.org/1999/xlink"
      xmlns="http://www.loc.gov/mods/v3"
      xmlns:xsi="http://www.w3.org/2001/XMLSchema-instance"
      xmlns:xs="http://www.w3.org/2001/XMLSchema"
      xsi:schemaLocation="http://www.loc.gov/mods/v3 http://www.loc.gov/standards/mods/v3/mods-3-5.xsd"
      version="3.5">
   <identifier type="CLIO">CLIO id: 4576512</identifier>
   <identifier type="local">rgt</identifier>
   <name>
      <namePart>Wallich, Johann Ulrich, 1626-1673</namePart>
   </name>
   <titleInfo>
      <title>Religio Turcica</title>
   </titleInfo>
   <originInfo>
      <place>
         <placeTerm type="text">Stadae Suecorum (i.e., Stade, Elbe, under Swedish rule)</placeTerm>
      </place>
      <publisher>Typis Holvinianis</publisher>
      <dateCreated>1659</dateCreated>
      <dateCreated encoding="w3cdtf" keyDate="yes">1659</dateCreated>
   </originInfo>
   <physicalDescription>
      <form>book</form>
      <extent>18.75 x 16 x 3.25 cm</extent>
      <form authority="aat">books</form>
   </physicalDescription>
   <abstract>Published by Holwein, Elias, who died in 1659; his widow ran the workshop until 1662.</abstract>
   <language>
      <languageTerm type="code" authority="iso639-2b">ger</languageTerm>
   </language>
   <note>the complete German title reads: "Kurtze, warhafftige gründ- und eigendliche Beschreibung türckischer Religion: Leben, Wandel und Todt des arabischen falschen Propheten Mahometis und Vergleichung beyder orientalischen und occidentalischen Antichristen"</note>
   <note>The "Religio Turcica" frontispiece of the copy in the HAB Wolfenbüttel (Gv 480) is missing from the copy from which these images were taken</note>
   <note>Reference: VD17 39:123681W</note>
   <location>
      <physicalLocation/>
      <holdingSimple>
         <copyInformation>
            <shelfLocator>Union Rare OT23 W21</shelfLocator>
         </copyInformation>
      </holdingSimple>
   </location>
   <subject authority="lcsh"
            valueURI="http://id.loc.gov/authorities/subjects/sh85068390">
      <topic>Islam</topic>
   </subject>
   <subject>
      <topic>Turkey--History--Ottoman Empire, 1288-1918--Religion</topic>
   </subject>
   <subject>
      <name authority="naf"
            valueURI="http://id.loc.gov/authorities/names/n79130881">
         <namePart>Muḥammad, Prophet, -632</namePart>
      </name>
   </subject>
   <relatedItem type="host" displayLabel="Project">
      <titleInfo>
         <nonSort>The</nonSort>
         <title>Quran in East and West: Manuscripts and Printed Books</title>
      </titleInfo>
      <location>
         <url/>
      </location>
   </relatedItem>
   <relatedItem type="host" displayLabel="Collection">
      <titleInfo>
         <title>Burke [UTS] Union Rare</title>
      </titleInfo>
   </relatedItem>
   <recordInfo>
      <recordIdentifier>rgt_descMetadata</recordIdentifier>
      <recordContentSource authority="marcorg">NNC</recordContentSource>
      <languageOfCataloging>
         <languageTerm type="code" authority="iso639-2b">eng</languageTerm>
      </languageOfCataloging>
      <recordOrigin>Created and edited in general conformance to MODS Guideline (Version 3).</recordOrigin>
   </recordInfo>
</mods>
