<?xml version="1.0" encoding="UTF-8"?>
<mods xmlns:xlink="http://www.w3.org/1999/xlink"
      xmlns="http://www.loc.gov/mods/v3"
      xmlns:xsi="http://www.w3.org/2001/XMLSchema-instance"
      xmlns:xs="http://www.w3.org/2001/XMLSchema"
      xsi:schemaLocation="http://www.loc.gov/mods/v3 http://www.loc.gov/standards/mods/v3/mods-3-5.xsd"
      version="3.5">
   <identifier type="omeka">omeka_006111</identifier>
   <identifier type="local">xqu_001</identifier>
   <name>
      <namePart>Muḥammad Muḥsin al-Iṣfahānī</namePart>
   </name>
   <titleInfo>
      <title>Quran</title>
      <partName>Sūrat al-Fatīḥa and sūrat al-Baqara (sura 1 and sura 2)</partName>
   </titleInfo>
   <originInfo>
      <place>
         <placeTerm type="text">Iranian lands</placeTerm>
      </place>
      <dateCreated>November 1741 (Ramadan 1154 HIJRA)</dateCreated>
      <dateCreated encoding="w3cdtf" keyDate="yes">1741-11</dateCreated>
   </originInfo>
   <typeOfResource>still image</typeOfResource>
   <physicalDescription>
      <form>book</form>
      <extent>24 x 15 cm</extent>
      <digitalOrigin>reformatted digital</digitalOrigin>
      <form authority="lcsh">manuscripts</form>
   </physicalDescription>
   <abstract>Opening pages of the complete copy of the Quran with Persian interlinear translation.  Colophon signed by Muḥammad Muḥsin al-Iṣfahānī, dated Ramaḍān 1154/November 1741</abstract>
   <language>
      <languageTerm type="code" authority="iso639-2b">ara</languageTerm>
   </language>
   <note>The scribe names himself in the dated colophon
marginal notes in Persian; dated ownership note with accompanying seal impressions from the early 19th century.</note>
   <note>Physical description for item from which digital images are taken:
no endpapers
7 flyleaves: 4 at the beginning and 3 at the end
392 fols. constitute the original Quran manuscript
neither foliation nor pagination
manuscript is too tightly bound to confirm gatherings of 4 bifolia
the Quran is written on thin transparent laid paper without visible chainlines, but the flyleaves are machine-made wove paper
24 x 15 cm
rubrication
illumination
the boards of the lacquer binding, which does not flush with the textblock, show a flower bouquet on the outside and flowering vines on the inside</note>
   <note>references:
for the oldest extant manuscripts with Persian Quran translations from the tenth century CE, see Gilbert Lazard, La langue des plus anciennes monuments de la prose persane, Paris 1963, esp. pp. 33-35, 41-45, and 56-58; cf. Storey 1/1, pp. 1-3 s.v. 1-2; and Storey-Bregel 1, pp. 99-103 s.v. 1-2
Qurʾān-i Quds: Kuhan'tarīn bargardān-i Qurʾān bih fārsī, ed. ʻAlī Ravāqī, 2 vols., Tehran 1364 Sh/1985 (facsimile of Arabic-Persian MS - Mashad, Kitābkhānah-i Āstān-i quds-i riḍavī, no. 54 - with Persian tr.); cf. G. Lazard, "Lumières nouvelles sur la formation de la langue persane," in: idem, La formation de la langue persane, Paris 1995, pp. 184-198
for the 18th century use of the same symmetrical page design for the beginning of the Quran text, cf. two Indian manuscripts in the Nasser D. Khalili Collection of Islamic Art in: Manijeh Bayani et al., The Decorated Word: Qurʾans of the 17th to 19th Centuries, London 1999, pp. 208-219 s.v. 68-69</note>
   <note>unpublished</note>
   <note type="ownership">Donated by David E. Smith, 1931</note>
   <note>110044001.jpg</note>
   <location>
      <physicalLocation/>
      <url access="object in context" usage="primary display">https://exhibitions.cul.columbia.edu/exhibits/show/quran/qurans/mss</url>
      <holdingSimple>
         <copyInformation>
            <shelfLocator>Smith MS oriental 222</shelfLocator>
         </copyInformation>
      </holdingSimple>
   </location>
   <subject authority="lcsh"
            valueURI="http://id.loc.gov/authorities/subjects/sh85068390">
      <topic>Islam</topic>
   </subject>
   <relatedItem type="host" displayLabel="Project">
      <titleInfo>
         <nonSort>The</nonSort>
         <title>Quran in East and West: Manuscripts and Printed Books</title>
      </titleInfo>
      <location>
         <url/>
      </location>
   </relatedItem>
   <recordInfo>
      <recordIdentifier>006111_descMetadata</recordIdentifier>
      <recordContentSource authority="marcorg">NNC</recordContentSource>
      <languageOfCataloging>
         <languageTerm type="code" authority="iso639-2b">eng</languageTerm>
      </languageOfCataloging>
      <recordOrigin>Created and edited in general conformance to MODS Guideline (Version 3).</recordOrigin>
   </recordInfo>
</mods>
