<?xml version="1.0" encoding="UTF-8"?>
<mods xmlns:xlink="http://www.w3.org/1999/xlink"
      xmlns="http://www.loc.gov/mods/v3"
      xmlns:xsi="http://www.w3.org/2001/XMLSchema-instance"
      xmlns:xs="http://www.w3.org/2001/XMLSchema"
      xsi:schemaLocation="http://www.loc.gov/mods/v3 http://www.loc.gov/standards/mods/v3/mods-3-5.xsd"
      version="3.5">
   <identifier type="CLIO">CLIO_7844272</identifier>
   <identifier type="local">peopleinbooks_meb</identifier>
   <titleInfo>
      <title>Mikhtav: el beni ṿe-yedidi Yaʻaḳov Shalish</title>
   </titleInfo>
   <titleInfo type="alternative">
      <title>מכתב  אל בני וידידי יעקב שליש</title>
   </titleInfo>
   <originInfo>
      <place>
         <placeTerm type="text" valueURI="http://id.loc.gov/authorities/names/n79003285">Israel</placeTerm>
      </place>
      <dateCreated>1866</dateCreated>
      <dateCreated encoding="w3cdtf" keyDate="yes">1866</dateCreated>
   </originInfo>
   <physicalDescription>
      <form authority="lcsh">manuscripts</form>
   </physicalDescription>
   <language>
      <languageTerm type="code" authority="iso639-2b">heb</languageTerm>
   </language>
   <location>
      <physicalLocation authority="marcorg">NNC-RB</physicalLocation>
      <url access="object in context" usage="primary display">http://exhibitions.cul.columbia.edu/exhibits/show/hebrew_mss/lifecycle/x893_z8_v3_n3</url>
      <holdingSimple>
         <copyInformation>
            <shelfLocator>X893 Z8 v.3 no.3</shelfLocator>
         </copyInformation>
      </holdingSimple>
   </location>
   <relatedItem type="host" displayLabel="Project">
      <titleInfo>
         <nonSort>The</nonSort>
         <title>People in the Books: Hebraica and Judaica Manuscripts from Columbia University Libraries</title>
      </titleInfo>
      <location>
         <url>http://www.columbia.edu/cgi-bin/cul/resolve?clio9680681</url>
      </location>
   </relatedItem>
   <relatedItem type="host" displayLabel="Collection">
      <titleInfo>
         <title>X Manuscripts</title>
      </titleInfo>
   </relatedItem>
   <relatedItem type="host" displayLabel="Collection">
      <titleInfo>
         <title>Hebrew Manuscripts</title>
      </titleInfo>
   </relatedItem>
   <recordInfo>
      <recordIdentifier>meb_descMetadata</recordIdentifier>
      <recordContentSource authority="marcorg">NNC</recordContentSource>
      <languageOfCataloging>
         <languageTerm type="code" authority="iso639-2b">eng</languageTerm>
      </languageOfCataloging>
      <recordOrigin>Created and edited in general conformance to MODS Guideline (Version 3).</recordOrigin>
   </recordInfo>
</mods>
