<?xml version="1.0" encoding="UTF-8"?>
<mods xmlns:xlink="http://www.w3.org/1999/xlink"
      xmlns="http://www.loc.gov/mods/v3"
      xmlns:xsi="http://www.w3.org/2001/XMLSchema-instance"
      xmlns:xs="http://www.w3.org/2001/XMLSchema"
      xsi:schemaLocation="http://www.loc.gov/mods/v3 http://www.loc.gov/standards/mods/v3/mods-3-5.xsd"
      version="3.5">
   <identifier type="local">peopleinbooks_dlr</identifier>
   <titleInfo>
      <title>Drafts of loan records, many pertaining to Jews</title>
   </titleInfo>
   <originInfo>
      <place>
         <placeTerm type="text">Apt, Provence, France</placeTerm>
      </place>
      <place>
         <placeTerm type="text" valueURI="http://id.loc.gov/authorities/names/n81066398">Apt (France)</placeTerm>
      </place>
      <dateCreated>pre-1387</dateCreated>
      <dateCreated encoding="w3cdtf"
                   keyDate="yes"
                   point="start"
                   qualifier="inferred">1380</dateCreated>
      <dateCreated encoding="w3cdtf" keyDate="yes" point="end">1386</dateCreated>
   </originInfo>
   <physicalDescription>
      <form authority="lcsh">manuscripts</form>
   </physicalDescription>
   <language>
      <languageTerm type="code" authority="iso639-2b">lat</languageTerm>
   </language>
   <location>
      <physicalLocation authority="marcorg">NNC-RB</physicalLocation>
      <url access="object in context" usage="primary display">http://exhibitions.cul.columbia.edu/exhibits/show/hebrew_mss/communities/western_ms_41f</url>
      <holdingSimple>
         <copyInformation>
            <shelfLocator>Western MS 41F</shelfLocator>
         </copyInformation>
      </holdingSimple>
   </location>
   <relatedItem type="host" displayLabel="Project">
      <titleInfo>
         <nonSort>The</nonSort>
         <title>People in the Books: Hebraica and Judaica Manuscripts from Columbia University Libraries</title>
      </titleInfo>
      <location>
         <url>http://www.columbia.edu/cgi-bin/cul/resolve?clio9680681</url>
      </location>
   </relatedItem>
   <relatedItem type="host" displayLabel="Collection">
      <titleInfo>
         <title>Hebrew Manuscripts</title>
      </titleInfo>
   </relatedItem>
   <recordInfo>
      <recordIdentifier>dlr_descMetadata</recordIdentifier>
      <recordContentSource authority="marcorg">NNC</recordContentSource>
      <languageOfCataloging>
         <languageTerm type="code" authority="iso639-2b">eng</languageTerm>
      </languageOfCataloging>
      <recordOrigin>Created and edited in general conformance to MODS Guideline (Version 3).</recordOrigin>
   </recordInfo>
</mods>
