<?xml version="1.0" encoding="UTF-8"?>
<mods xmlns:xlink="http://www.w3.org/1999/xlink"
      xmlns="http://www.loc.gov/mods/v3"
      xmlns:xsi="http://www.w3.org/2001/XMLSchema-instance"
      xmlns:xs="http://www.w3.org/2001/XMLSchema"
      xsi:schemaLocation="http://www.loc.gov/mods/v3 http://www.loc.gov/standards/mods/v3/mods-3-5.xsd"
      version="3.5">
   <identifier type="omeka">omeka_007105</identifier>
   <identifier type="local">peopleinbooks_tek_041</identifier>
   <titleInfo>
      <title>Tekhunat ha-olam u-binah le-itim: bo yitbaer tsurat ha-arets ve-tavnit ha-olam</title>
      <partName>Page 41 verso</partName>
   </titleInfo>
   <titleInfo type="alternative">
      <title>תכונת השמים ובינה לעתים בו יתבאר צורת הארץ ותבנית העולם</title>
   </titleInfo>
   <originInfo>
      <place>
         <placeTerm type="text" valueURI="http://id.loc.gov/authorities/names/n80061798">Syria</placeTerm>
      </place>
      <dateCreated>1704</dateCreated>
      <dateCreated encoding="w3cdtf" keyDate="yes">1704</dateCreated>
   </originInfo>
   <typeOfResource>still image</typeOfResource>
   <physicalDescription>
      <digitalOrigin>reformatted digital</digitalOrigin>
      <form authority="lcsh">manuscripts</form>
   </physicalDescription>
   <language>
      <languageTerm type="code" authority="iso639-2b">heb</languageTerm>
   </language>
   <note>original filename: 120017167.jpg</note>
   <location>
      <physicalLocation authority="marcorg">NNC-RB</physicalLocation>
      <url access="object in context" usage="primary display">http://exhibitions.cul.columbia.edu/exhibits/show/hebrew_mss/timekeepers/x893_l979</url>
   </location>
   <relatedItem type="host" displayLabel="Project">
      <titleInfo>
         <nonSort>The</nonSort>
         <title>People in the Books: Hebraica and Judaica Manuscripts from Columbia University Libraries</title>
      </titleInfo>
      <location>
         <url>http://www.columbia.edu/cgi-bin/cul/resolve?clio9680681</url>
      </location>
   </relatedItem>
   <relatedItem type="host" displayLabel="Collection">
      <titleInfo>
         <title>X Manuscripts</title>
      </titleInfo>
   </relatedItem>
   <relatedItem type="host" displayLabel="Collection">
      <titleInfo>
         <title>Hebrew Manuscripts</title>
      </titleInfo>
   </relatedItem>
   <recordInfo>
      <recordIdentifier>007105_descMetadata</recordIdentifier>
      <recordContentSource authority="marcorg">NNC</recordContentSource>
      <languageOfCataloging>
         <languageTerm type="code" authority="iso639-2b">eng</languageTerm>
      </languageOfCataloging>
      <recordOrigin>Created and edited in general conformance to MODS Guideline (Version 3).</recordOrigin>
   </recordInfo>
</mods>
